Experiment,rev,typ,Created,parent,State,Executor,n_have_bacdive,n_have_growth_temp,n_have_ogt,n_taxa,n_meso,n_therm,n_taxa_with_16srRNA,n_total_sequences,percent_full_pairwise_16s_blast,num_pairs_conservative,true_pair_ratio,blastp_kg_CO2_per_pair,blastp_time_per_pair,percent_full_pairwise_blastp,apx_co2_per_pair_avg,apx_co2_per_pair_std,apx_hits_per_pair_avg,apx_hits_per_pair_std,apx_minutes_per_pair_avg,apx_minutes_per_pair_std,apx_perc_protein_pairwise,params.yaml:get_bacdive_ogt.n_jobs,params.yaml:get_bacdive_ogt.n_sample,params.yaml:get_protein_sequences.n_jobs,params.yaml:get_protein_sequences.n_sample,params.yaml:label_taxa.ogt_threshold,params.yaml:label_taxa.ogt_determination_method,params.yaml:get_16s_blast_scores.n_jobs,params.yaml:get_16s_blast_scores.word_size,params.yaml:get_16s_blast_scores.gapopen_penalty,params.yaml:get_16s_blast_scores.gapextend_penalty,params.yaml:get_16s_blast_scores.reward,params.yaml:get_16s_blast_scores.penalty,params.yaml:get_16s_blast_scores.ungapped,params.yaml:get_16s_blast_scores.n_sample,params.yaml:get_16s_blast_scores.blast_metrics,params.yaml:label_all_pairs.blast_metric_thresholds.scaled_local_symmetric_percent_id.thresh,params.yaml:label_all_pairs.blast_metric_thresholds.scaled_local_symmetric_percent_id.greater,params.yaml:label_all_pairs.blast_metric_thresholds.local_average_coverage.thresh,params.yaml:label_all_pairs.blast_metric_thresholds.local_average_coverage.greater,get_protein_blast_scores.dask_cluster_class,params.yaml:get_protein_blast_scores.max_protein_length,get_protein_blast_scores.method,params.yaml:get_protein_blast_scores.n_jobs,get_protein_blast_scores.restart,get_protein_blast_scores.method_blast_params.num_threads,get_protein_blast_scores.method_blast_params.word_size,get_protein_blast_scores.method_blast_params.gapopen,get_protein_blast_scores.method_blast_params.gapextend,get_protein_blast_scores.method_blast_params.matrix,get_protein_blast_scores.method_blast_params.threshold,get_protein_blast_scores.method_blast_params.ungapped,get_protein_blast_scores.method_diamond_params.num_threads,get_protein_blast_scores.method_diamond_params.sensitivity,get_protein_blast_scores.method_diamond_params.iterate,get_protein_blast_scores.method_diamond_params.global_ranking,get_protein_blast_scores.method_diamond_params.gapopen,get_protein_blast_scores.method_diamond_params.gapextend,get_protein_blast_scores.method_diamond_params.matrix,params.yaml:get_protein_blast_scores.blast_metrics,get_protein_blast_scores.method_blast_params.n_jobs,get_protein_blast_scores.method_blast_params.gapopen_penalty,get_protein_blast_scores.method_blast_params.gapextend_penalty,get_protein_blast_scores.method_blast_params.word_score_thresh,get_protein_blast_scores.method_diamond_params.n_jobs,get_protein_blast_scores.method_diamond_params.gapopen_penalty,get_protein_blast_scores.method_diamond_params.gapextend_penalty,params.yaml:get_protein_blast_scores.n_sample,params.yaml:get_protein_blast_scores.word_size,params.yaml:get_protein_blast_scores.gapopen_penalty,params.yaml:get_protein_blast_scores.gapextend_penalty,params.yaml:get_protein_blast_scores.matrix,params.yaml:get_protein_blast_scores.word_score_thresh,params.yaml:get_protein_blast_scores.ungapped,pipeline/s0_data_extraction_params.yaml:get_bacdive_ogt.n_jobs,pipeline/s0_data_extraction_params.yaml:get_bacdive_ogt.n_sample,pipeline/s1_data_processing_params.yaml:get_protein_sequences.n_jobs,pipeline/s1_data_processing_params.yaml:get_protein_sequences.n_sample,pipeline/s1_data_processing_params.yaml:label_taxa.ogt_threshold,pipeline/s1_data_processing_params.yaml:label_taxa.ogt_determination_method,pipeline/s1_data_processing_params.yaml:get_16s_blast_scores.n_jobs,pipeline/s1_data_processing_params.yaml:get_16s_blast_scores.word_size,pipeline/s1_data_processing_params.yaml:get_16s_blast_scores.gapopen_penalty,pipeline/s1_data_processing_params.yaml:get_16s_blast_scores.gapextend_penalty,pipeline/s1_data_processing_params.yaml:get_16s_blast_scores.reward,pipeline/s1_data_processing_params.yaml:get_16s_blast_scores.penalty,pipeline/s1_data_processing_params.yaml:get_16s_blast_scores.ungapped,pipeline/s1_data_processing_params.yaml:get_16s_blast_scores.n_sample,pipeline/s1_data_processing_params.yaml:get_16s_blast_scores.blast_metrics,pipeline/s1_data_processing_params.yaml:label_all_pairs.blast_metric_thresholds.scaled_local_symmetric_percent_id.thresh,pipeline/s1_data_processing_params.yaml:label_all_pairs.blast_metric_thresholds.scaled_local_symmetric_percent_id.greater,pipeline/s1_data_processing_params.yaml:label_all_pairs.blast_metric_thresholds.local_average_coverage.thresh,pipeline/s1_data_processing_params.yaml:label_all_pairs.blast_metric_thresholds.local_average_coverage.greater,pipeline/s1_data_processing_params.yaml:get_protein_blast_scores.n_jobs,pipeline/s1_data_processing_params.yaml:get_protein_blast_scores.word_size,pipeline/s1_data_processing_params.yaml:get_protein_blast_scores.gapopen_penalty,pipeline/s1_data_processing_params.yaml:get_protein_blast_scores.gapextend_penalty,pipeline/s1_data_processing_params.yaml:get_protein_blast_scores.matrix,pipeline/s1_data_processing_params.yaml:get_protein_blast_scores.word_score_thresh,pipeline/s1_data_processing_params.yaml:get_protein_blast_scores.ungapped,pipeline/s1_data_processing_params.yaml:get_protein_blast_scores.n_sample,pipeline/s1_data_processing_params.yaml:get_protein_blast_scores.blast_metrics,pipeline/s1_data_processing_params.yaml:get_protein_blast_scores.max_protein_length,label_all_pairs.blast_metric_thresholds.local_E_value.thresh,label_all_pairs.blast_metric_thresholds.local_E_value.greater,pipeline/s0_data_extraction.yaml:get_bacdive_ogt.n_jobs,pipeline/s0_data_extraction.yaml:get_bacdive_ogt.n_sample,analysis_pipeline/t1.4_protein_alignment_resource_test.py,data/refseq,data/taxa/16s_rRNA.csv,data/taxa/labels.csv,data/taxa/proteins,data/taxa/taxa_info_and_ogt.csv,data/taxa_pairs/pair_labels.csv,data/taxa_pairs/pairwise_16s_blast.csv,pipeline/s0.0_get_ncbi_refseq.sh,pipeline/s0.1_get_bacdive_ogt.py,pipeline/s1.0_label_taxa.py,pipeline/s1.1_get_protein_sequences.py,pipeline/s1.2_get_16s_blast_scores.py,pipeline/s1.3_label_all_pairs.py,pipeline/s1.4_get_protein_blast_scores.py
,workspace,baseline,,,,,11597,5059,4424,16664,4135,289,16436,65427472,0.628136885311063,13784,0.01836316815274575,0.014726070803388214,194.86778367360435,0.8521907265704877,0.01148507192234426,0.006521853856799875,141416.5,65514.51420179176,35.62425160097579,17.472092462478514,0.014200781776669003,6,,6,,40.0,true ogt only,6,28,2,1,1,-2,False,,"['local_E_value', 'scaled_local_query_percent_id', 'scaled_local_symmetric_percent_id', 'local_gap_compressed_percent_id', 'local_average_coverage']",0.88,True,0.75,True,SLURMCluster,400,blast,8,False,6,3,11,1,BLOSUM62,11,False,5,sensitive,True,,11,1,BLOSUM62,"['local_E_value', 'scaled_local_query_percent_id', 'scaled_local_symmetric_percent_id', 'local_gap_compressed_percent_id']",,,,,,,,,,,,,,,,,,,,,,,,,,,,,,,,,,,,,,,,,,,,,,,,f6bb217,7e3fa86,ed7262a,22b516c,905941f,a5bb187,f2136cb,0a72354,837b5f5,237229b,c0fcb9f,5f3f687,266bbd5,a2f4ec4,19ccb60
main,225429d,baseline,2022-11-15T10:40:48,,,,11597,5059,4424,16664,4135,289,16436,65427472,0.628136885311063,13784,0.01836316815274575,0.014726070803388214,194.86778367360435,0.8521907265704877,0.01148507192234426,0.006521853856799875,141416.5,65514.51420179176,35.62425160097579,17.472092462478514,0.014200781776669003,6,,6,,40.0,true ogt only,6,28,2,1,1,-2,False,,"['local_E_value', 'scaled_local_query_percent_id', 'scaled_local_symmetric_percent_id', 'local_gap_compressed_percent_id', 'local_average_coverage']",0.88,True,0.75,True,SLURMCluster,400,blast,8,False,6,3,11,1,BLOSUM62,11,False,5,sensitive,True,,11,1,BLOSUM62,"['local_E_value', 'scaled_local_query_percent_id', 'scaled_local_symmetric_percent_id', 'local_gap_compressed_percent_id']",,,,,,,,,,,,,,,,,,,,,,,,,,,,,,,,,,,,,,,,,,,,,,,,f6bb217,7e3fa86,ed7262a,22b516c,905941f,a5bb187,f2136cb,0a72354,837b5f5,237229b,c0fcb9f,5f3f687,266bbd5,a2f4ec4,19ccb60
,30697d6,baseline,2022-11-15T09:09:02,,,,11597,5059,4424,16664,4135,289,16436,65427472,0.628136885311063,13784,0.01836316815274575,0.014726070803388214,194.86778367360435,0.8521907265704877,0.01148507192234426,0.006521853856799875,141416.5,65514.51420179176,35.62425160097579,17.472092462478514,0.014200781776669003,6,,6,,40.0,true ogt only,6,28,2,1,1,-2,False,,"['local_E_value', 'scaled_local_query_percent_id', 'scaled_local_symmetric_percent_id', 'local_gap_compressed_percent_id', 'local_average_coverage']",0.88,True,0.75,True,SLURMCluster,400,blast,8,False,6,3,11,1,BLOSUM62,11,False,5,sensitive,True,,11,1,BLOSUM62,"['local_E_value', 'scaled_local_query_percent_id', 'scaled_local_symmetric_percent_id', 'local_gap_compressed_percent_id']",,,,,,,,,,,,,,,,,,,,,,,,,,,,,,,,,,,,,,,,,,,,,,,,f6bb217,7e3fa86,ed7262a,22b516c,905941f,a5bb187,f2136cb,0a72354,837b5f5,237229b,c0fcb9f,5f3f687,266bbd5,a2f4ec4,19ccb60
,4b4b6b0,baseline,2022-11-14T15:34:39,,,,11597,5059,4424,16664,4135,289,16436,65427472,0.628136885311063,13784,0.01836316815274575,0.014726070803388214,194.86778367360435,0.8521907265704877,0.0072280143031735345,0.003537851226535376,113377.46875,51942.66597986443,22.780825385575493,10.848114027124291,0.014365432410277022,6,,6,,40.0,true ogt only,6,28,2,1,1,-2,False,,"['local_E_value', 'scaled_local_query_percent_id', 'scaled_local_symmetric_percent_id', 'local_gap_compressed_percent_id', 'local_average_coverage']",0.88,True,0.75,True,SLURMCluster,350,blast,8,False,6,3,11,1,BLOSUM62,11,False,5,sensitive,True,,11,1,BLOSUM62,"['local_E_value', 'scaled_local_query_percent_id', 'scaled_local_symmetric_percent_id', 'local_gap_compressed_percent_id']",,,,,,,,,,,,,,,,,,,,,,,,,,,,,,,,,,,,,,,,,,,,,,,,943e24c,7e3fa86,ed7262a,22b516c,905941f,a5bb187,f2136cb,0a72354,837b5f5,237229b,c0fcb9f,5f3f687,266bbd5,a2f4ec4,19ccb60
,773b02c,baseline,2022-11-14T15:33:47,,,,11597,5059,4424,16664,4135,289,16436,65427472,0.628136885311063,13784,0.01836316815274575,0.014726070803388214,194.86778367360435,0.8521907265704877,0.0072280143031735345,0.003537851226535376,113377.46875,51942.66597986443,22.780825385575493,10.848114027124291,0.014365432410277022,6,,6,,40.0,true ogt only,6,28,2,1,1,-2,False,,"['local_E_value', 'scaled_local_query_percent_id', 'scaled_local_symmetric_percent_id', 'local_gap_compressed_percent_id', 'local_average_coverage']",0.88,True,0.75,True,SLURMCluster,350,blast,8,False,6,3,11,1,BLOSUM62,11,False,5,sensitive,True,,11,1,BLOSUM62,"['local_E_value', 'scaled_local_query_percent_id', 'scaled_local_symmetric_percent_id', 'local_gap_compressed_percent_id']",,,,,,,,,,,,,,,,,,,,,,,,,,,,,,,,,,,,,,,,,,,,,,,,943e24c,7e3fa86,ed7262a,22b516c,905941f,a5bb187,f2136cb,0a72354,837b5f5,237229b,c0fcb9f,5f3f687,266bbd5,a2f4ec4,19ccb60
,8b3dfba,baseline,2022-11-14T09:00:34,,,,11597,5059,4424,16664,4135,289,16436,65427472,0.628136885311063,13784,0.01836316815274575,0.014726070803388214,194.86778367360435,0.8521907265704877,0.0072280143031735345,0.003537851226535376,113377.46875,51942.66597986443,22.780825385575493,10.848114027124291,0.014365432410277022,6,,6,,40.0,true ogt only,6,28,2,1,1,-2,False,,"['local_E_value', 'scaled_local_query_percent_id', 'scaled_local_symmetric_percent_id', 'local_gap_compressed_percent_id', 'local_average_coverage']",0.88,True,0.75,True,SLURMCluster,350,blast,8,False,6,3,11,1,BLOSUM62,11,False,5,sensitive,True,,11,1,BLOSUM62,"['local_E_value', 'scaled_local_query_percent_id', 'scaled_local_symmetric_percent_id', 'local_gap_compressed_percent_id']",,,,,,,,,,,,,,,,,,,,,,,,,,,,,,,,,,,,,,,,,,,,,,,,943e24c,7e3fa86,ed7262a,22b516c,905941f,a5bb187,f2136cb,0a72354,837b5f5,237229b,c0fcb9f,5f3f687,266bbd5,a2f4ec4,19ccb60
,3b8f701,baseline,2022-11-10T21:35:16,,,,11597,5059,4424,16664,4135,289,16436,65427472,0.628136885311063,13784,0.01836316815274575,0.014726070803388214,194.86778367360435,0.8521907265704877,0.003534946169504047,0.0017207001680053667,80410.90625,36583.01278564682,11.825339590882262,5.181859929012994,0.014532947868223229,6,,6,,40.0,true ogt only,6,28,2,1,1,-2,False,,"['local_E_value', 'scaled_local_query_percent_id', 'scaled_local_symmetric_percent_id', 'local_gap_compressed_percent_id', 'local_average_coverage']",0.88,True,0.75,True,SLURMCluster,300,blast,8,False,6,3,11,1,BLOSUM62,11,False,5,sensitive,True,,11,1,BLOSUM62,"['local_E_value', 'scaled_local_query_percent_id', 'scaled_local_symmetric_percent_id', 'local_gap_compressed_percent_id']",,,,,,,,,,,,,,,,,,,,,,,,,,,,,,,,,,,,,,,,,,,,,,,,943e24c,7e3fa86,ed7262a,22b516c,905941f,a5bb187,f2136cb,0a72354,837b5f5,237229b,c0fcb9f,5f3f687,266bbd5,a2f4ec4,19ccb60
,94c8644,baseline,2022-11-10T21:28:06,,,,11597,5059,4424,16664,4135,289,16436,65427472,0.628136885311063,13784,0.01836316815274575,0.014726070803388214,194.86778367360435,0.8521907265704877,0.003534946169504047,0.0017207001680053667,80410.90625,36583.01278564682,11.825339590882262,5.181859929012994,0.014532947868223229,6,,6,,40.0,true ogt only,6,28,2,1,1,-2,False,,"['local_E_value', 'scaled_local_query_percent_id', 'scaled_local_symmetric_percent_id', 'local_gap_compressed_percent_id', 'local_average_coverage']",0.88,True,0.75,True,SLURMCluster,300,blast,8,False,6,3,11,1,BLOSUM62,11,False,5,sensitive,True,,11,1,BLOSUM62,"['local_E_value', 'scaled_local_query_percent_id', 'scaled_local_symmetric_percent_id', 'local_gap_compressed_percent_id']",,,,,,,,,,,,,,,,,,,,,,,,,,,,,,,,,,,,,,,,,,,,,,,,943e24c,7e3fa86,ed7262a,22b516c,905941f,a5bb187,f2136cb,0a72354,837b5f5,237229b,c0fcb9f,5f3f687,266bbd5,a2f4ec4,19ccb60
,efc06b0,baseline,2022-11-10T19:27:29,,,,11597,5059,4424,16664,4135,289,16436,65427472,0.628136885311063,13784,0.01836316815274575,0.014726070803388214,194.86778367360435,0.8521907265704877,0.003534946169504047,0.0017207001680053667,80410.90625,36583.01278564682,11.825339590882262,5.181859929012994,0.014532947868223229,6,,6,,40.0,true ogt only,6,28,2,1,1,-2,False,,"['local_E_value', 'scaled_local_query_percent_id', 'scaled_local_symmetric_percent_id', 'local_gap_compressed_percent_id', 'local_average_coverage']",0.88,True,0.75,True,SLURMCluster,300,blast,8,False,6,3,11,1,BLOSUM62,11,False,5,sensitive,True,,11,1,BLOSUM62,"['local_E_value', 'scaled_local_query_percent_id', 'scaled_local_symmetric_percent_id', 'local_gap_compressed_percent_id']",,,,,,,,,,,,,,,,,,,,,,,,,,,,,,,,,,,,,,,,,,,,,,,,943e24c,7e3fa86,ed7262a,22b516c,905941f,a5bb187,f2136cb,0a72354,837b5f5,237229b,c0fcb9f,5f3f687,266bbd5,a2f4ec4,19ccb60
,3be062e,baseline,2022-11-10T16:22:26,,,,11597,5059,4424,16664,4135,289,16436,65427472,0.628136885311063,13784,0.01836316815274575,0.014726070803388214,194.86778367360435,0.8521907265704877,0.003534946169504047,0.0017207001680053667,80410.90625,36583.01278564682,11.825339590882262,5.181859929012994,0.014532947868223229,6,,6,,40.0,true ogt only,6,28,2,1,1,-2,False,,"['local_E_value', 'scaled_local_query_percent_id', 'scaled_local_symmetric_percent_id', 'local_gap_compressed_percent_id', 'local_average_coverage']",0.88,True,0.75,True,SLURMCluster,300,blast,8,False,6,3,11,1,BLOSUM62,11,False,5,sensitive,True,,11,1,BLOSUM62,"['local_E_value', 'scaled_local_query_percent_id', 'scaled_local_symmetric_percent_id', 'local_gap_compressed_percent_id']",,,,,,,,,,,,,,,,,,,,,,,,,,,,,,,,,,,,,,,,,,,,,,,,943e24c,7e3fa86,ed7262a,22b516c,905941f,a5bb187,f2136cb,0a72354,837b5f5,237229b,c0fcb9f,5f3f687,266bbd5,a2f4ec4,19ccb60
,26b5b1b,baseline,2022-11-10T16:21:36,,,,11597,5059,4424,16664,4135,289,16436,65427472,0.628136885311063,13784,0.01836316815274575,0.014726070803388214,194.86778367360435,0.8521907265704877,0.008452343795210846,0.0035806090884148373,48557.59375,21666.794595773586,5.5388043656945225,2.3792997997958873,0.014595485279089333,6,,6,,40.0,true ogt only,6,28,2,1,1,-2,False,,"['local_E_value', 'scaled_local_query_percent_id', 'scaled_local_symmetric_percent_id', 'local_gap_compressed_percent_id', 'local_average_coverage']",0.88,True,0.75,True,SLURMCluster,250,blast,8,False,6,3,11,1,BLOSUM62,11,False,5,sensitive,True,,11,1,BLOSUM62,"['local_E_value', 'scaled_local_query_percent_id', 'scaled_local_symmetric_percent_id', 'local_gap_compressed_percent_id']",,,,,,,,,,,,,,,,,,,,,,,,,,,,,,,,,,,,,,,,,,,,,,,,10aaee5,7e3fa86,ed7262a,22b516c,905941f,a5bb187,f2136cb,0a72354,837b5f5,237229b,c0fcb9f,5f3f687,266bbd5,a2f4ec4,19ccb60
,37677ac,baseline,2022-11-10T14:10:31,,,,11597,5059,4424,16664,4135,289,16436,65427472,0.628136885311063,13784,0.01836316815274575,0.014726070803388214,194.86778367360435,0.8521907265704877,0.003534946169504047,0.0017207001680053667,80410.90625,36583.01278564682,11.825339590882262,5.181859929012994,0.014532947868223229,6,,6,,40.0,true ogt only,6,28,2,1,1,-2,False,,"['local_E_value', 'scaled_local_query_percent_id', 'scaled_local_symmetric_percent_id', 'local_gap_compressed_percent_id', 'local_average_coverage']",0.88,True,0.75,True,SLURMCluster,300,blast,8,False,6,3,11,1,BLOSUM62,11,False,5,sensitive,True,,11,1,BLOSUM62,"['local_E_value', 'scaled_local_query_percent_id', 'scaled_local_symmetric_percent_id', 'local_gap_compressed_percent_id']",,,,,,,,,,,,,,,,,,,,,,,,,,,,,,,,,,,,,,,,,,,,,,,,943e24c,7e3fa86,ed7262a,22b516c,905941f,a5bb187,f2136cb,0a72354,837b5f5,237229b,c0fcb9f,5f3f687,266bbd5,a2f4ec4,19ccb60
,330774a,baseline,2022-11-09T11:43:01,,,,11597,5059,4424,16664,4135,289,16436,65427472,0.628136885311063,13784,0.01836316815274575,0.010312286157413007,136.4505413532257,0.8987433192686357,,,,,,,,,,,,,,,,,,,,,,,,,,,,,,,,,,,,,,,,,,,,,,,,,,,,,,,,,,,,,6,,2,,40.0,true ogt only,4,28,2,1,1,-2,False,,"['local_E_value', 'scaled_local_query_percent_id', 'scaled_local_symmetric_percent_id', 'local_gap_compressed_percent_id', 'local_average_coverage']",0.88,True,0.75,True,1,3,11,1,BLOSUM62,11,False,1,"['local_E_value', 'scaled_local_query_percent_id', 'scaled_local_symmetric_percent_id', 'local_gap_compressed_percent_id']",,,,,,,7e3fa86,533fb22,22b516c,546f2c4,a5bb187,1e35530,44e154f,837b5f5,ff95225,8852832,942e6f7,1fb89dc,5dd3c52,019fe25
,e442a01,baseline,2022-11-09T08:19:16,,,,11597,5059,4424,16664,4135,289,16436,65427472,0.628136885311063,13784,0.01836316815274575,0.014726070803388214,194.86778367360435,0.8521907265704877,0.003857428092350459,0.0020276621773080536,80410.90625,36583.01278564682,11.861140709246198,5.684761527432632,0.014532947868223229,6,,6,,40.0,true ogt only,6,28,2,1,1,-2,False,,"['local_E_value', 'scaled_local_query_percent_id', 'scaled_local_symmetric_percent_id', 'local_gap_compressed_percent_id', 'local_average_coverage']",0.88,True,0.75,True,SLURMCluster,300,blast,8,False,6,3,11,1,BLOSUM62,11,False,5,sensitive,True,,11,1,BLOSUM62,"['local_E_value', 'scaled_local_query_percent_id', 'scaled_local_symmetric_percent_id', 'local_gap_compressed_percent_id']",,,,,,,,,,,,,,,,,,,,,,,,,,,,,,,,,,,,,,,,,,,,,,,,10aaee5,7e3fa86,ed7262a,22b516c,905941f,a5bb187,f2136cb,0a72354,837b5f5,237229b,c0fcb9f,5f3f687,266bbd5,a2f4ec4,19ccb60
,4288d85,baseline,2022-11-08T16:50:44,,,,11597,5059,4424,16664,4135,289,16436,65427472,0.628136885311063,13784,0.01836316815274575,0.014726070803388214,194.86778367360435,0.8521907265704877,0.008452343795210846,0.0035806090884148373,48557.59375,21666.794595773586,5.5388043656945225,2.3792997997958873,0.014595485279089333,6,,6,,40.0,true ogt only,6,28,2,1,1,-2,False,,"['local_E_value', 'scaled_local_query_percent_id', 'scaled_local_symmetric_percent_id', 'local_gap_compressed_percent_id', 'local_average_coverage']",0.88,True,0.75,True,SLURMCluster,250,blast,8,False,6,3,11,1,BLOSUM62,11,False,5,sensitive,True,,11,1,BLOSUM62,"['local_E_value', 'scaled_local_query_percent_id', 'scaled_local_symmetric_percent_id', 'local_gap_compressed_percent_id']",,,,,,,,,,,,,,,,,,,,,,,,,,,,,,,,,,,,,,,,,,,,,,,,10aaee5,7e3fa86,ed7262a,22b516c,905941f,a5bb187,f2136cb,0a72354,837b5f5,237229b,c0fcb9f,5f3f687,266bbd5,a2f4ec4,19ccb60
,a6ecde6,baseline,2022-11-08T15:56:39,,,,11597,5059,4424,16664,4135,289,16436,65427472,0.628136885311063,13784,0.01836316815274575,0.014726070803388214,194.86778367360435,0.8521907265704877,0.003378568911133078,0.0013951260741342682,25524.25,11830.729429697463,2.0941780128826695,0.8607705533232517,0.014414710479678912,6,,6,,40.0,true ogt only,6,28,2,1,1,-2,False,,"['local_E_value', 'scaled_local_query_percent_id', 'scaled_local_symmetric_percent_id', 'local_gap_compressed_percent_id', 'local_average_coverage']",0.88,True,0.75,True,SLURMCluster,200,blast,8,False,6,3,11,1,BLOSUM62,11,False,5,sensitive,True,,11,1,BLOSUM62,"['local_E_value', 'scaled_local_query_percent_id', 'scaled_local_symmetric_percent_id', 'local_gap_compressed_percent_id']",,,,,,,,,,,,,,,,,,,,,,,,,,,,,,,,,,,,,,,,,,,,,,,,10aaee5,7e3fa86,ed7262a,22b516c,905941f,a5bb187,f2136cb,0a72354,837b5f5,237229b,c0fcb9f,5f3f687,266bbd5,a2f4ec4,19ccb60
,6529a98,baseline,2022-11-08T13:35:52,,,,11597,5059,4424,16664,4135,289,16436,65427472,0.628136885311063,13784,0.01836316815274575,0.014726070803388214,194.86778367360435,0.8521907265704877,0.0008788628284044186,0.0003566887296156773,10286.375,5163.715864787495,0.6230759128928185,0.2511946544641889,0.014182769335195713,6,,6,,40.0,true ogt only,6,28,2,1,1,-2,False,,"['local_E_value', 'scaled_local_query_percent_id', 'scaled_local_symmetric_percent_id', 'local_gap_compressed_percent_id', 'local_average_coverage']",0.88,True,0.75,True,SLURMCluster,150,blast,8,False,6,3,11,1,BLOSUM62,11,False,5,sensitive,True,,11,1,BLOSUM62,"['local_E_value', 'scaled_local_query_percent_id', 'scaled_local_symmetric_percent_id', 'local_gap_compressed_percent_id']",,,,,,,,,,,,,,,,,,,,,,,,,,,,,,,,,,,,,,,,,,,,,,,,10aaee5,7e3fa86,ed7262a,22b516c,905941f,a5bb187,f2136cb,0a72354,837b5f5,237229b,c0fcb9f,5f3f687,266bbd5,a2f4ec4,19ccb60
,2c2775b,baseline,2022-11-08T13:09:49,,,,11597,5059,4424,16664,4135,289,16436,65427472,0.628136885311063,13784,0.01836316815274575,0.014726070803388214,194.86778367360435,0.8521907265704877,0.00017575614316183563,8.283362223432386e-05,1961.84375,1204.1061497889948,0.12530157367388406,0.04622384065811774,0.01341488270466713,6,,6,,40.0,true ogt only,6,28,2,1,1,-2,False,,"['local_E_value', 'scaled_local_query_percent_id', 'scaled_local_symmetric_percent_id', 'local_gap_compressed_percent_id', 'local_average_coverage']",0.88,True,0.75,True,SLURMCluster,100,blast,8,False,6,3,11,1,BLOSUM62,11,False,5,sensitive,True,,11,1,BLOSUM62,"['local_E_value', 'scaled_local_query_percent_id', 'scaled_local_symmetric_percent_id', 'local_gap_compressed_percent_id']",,,,,,,,,,,,,,,,,,,,,,,,,,,,,,,,,,,,,,,,,,,,,,,,10aaee5,7e3fa86,ed7262a,22b516c,905941f,a5bb187,f2136cb,0a72354,837b5f5,237229b,c0fcb9f,5f3f687,266bbd5,a2f4ec4,19ccb60
,6df34ea,baseline,2022-11-08T12:58:10,,,,11597,5059,4424,16664,4135,289,16436,65427472,0.628136885311063,13784,0.01836316815274575,0.014726070803388214,194.86778367360435,0.8521907265704877,0.002825471732792553,0.0020058158165821315,437405.96875,277313.27026650246,2.136900194113453,1.4225718209828402,0.49610679241931577,6,,6,,40.0,true ogt only,6,28,2,1,1,-2,False,,"['local_E_value', 'scaled_local_query_percent_id', 'scaled_local_symmetric_percent_id', 'local_gap_compressed_percent_id', 'local_average_coverage']",0.88,True,0.75,True,SLURMCluster,150,blast,8,False,6,3,11,1,BLOSUM62,11,False,5,sensitive,True,,11,1,BLOSUM62,"['local_E_value', 'scaled_local_query_percent_id', 'scaled_local_symmetric_percent_id', 'local_gap_compressed_percent_id']",,,,,,,,,,,,,,,,,,,,,,,,,,,,,,,,,,,,,,,,,,,,,,,,c61bfae,7e3fa86,ed7262a,22b516c,905941f,a5bb187,f2136cb,0a72354,837b5f5,237229b,c0fcb9f,5f3f687,266bbd5,a2f4ec4,19ccb60
,26ff6d7,baseline,2022-11-08T12:52:29,,,,11597,5059,4424,16664,4135,289,16436,65427472,0.628136885311063,13784,0.01836316815274575,0.014726070803388214,194.86778367360435,0.8521907265704877,0.002825471732792553,0.0020058158165821315,437405.96875,277313.27026650246,2.136900194113453,1.4225718209828402,0.49610679241931577,6,,6,,40.0,true ogt only,6,28,2,1,1,-2,False,,"['local_E_value', 'scaled_local_query_percent_id', 'scaled_local_symmetric_percent_id', 'local_gap_compressed_percent_id', 'local_average_coverage']",0.88,True,0.75,True,SLURMCluster,150,blast,8,False,6,3,11,1,BLOSUM62,11,False,5,sensitive,True,,11,1,BLOSUM62,"['local_E_value', 'scaled_local_query_percent_id', 'scaled_local_symmetric_percent_id', 'local_gap_compressed_percent_id']",,,,,,,,,,,,,,,,,,,,,,,,,,,,,,,,,,,,,,,,,,,,,,,,c61bfae,7e3fa86,ed7262a,22b516c,905941f,a5bb187,f2136cb,0a72354,837b5f5,237229b,c0fcb9f,5f3f687,266bbd5,a2f4ec4,19ccb60
,f8ab99d,baseline,2022-11-08T10:16:29,,,,11597,5059,4424,16664,4135,289,16436,65427472,0.628136885311063,13784,0.01836316815274575,0.014726070803388214,194.86778367360435,0.8521907265704877,0.002825471732792553,0.0020058158165821315,437405.96875,277313.27026650246,2.136900194113453,1.4225718209828402,0.49610679241931577,6,,6,,40.0,true ogt only,6,28,2,1,1,-2,False,,"['local_E_value', 'scaled_local_query_percent_id', 'scaled_local_symmetric_percent_id', 'local_gap_compressed_percent_id', 'local_average_coverage']",0.88,True,0.75,True,SLURMCluster,150,blast,8,False,6,3,11,1,BLOSUM62,11,False,5,sensitive,True,,11,1,BLOSUM62,"['local_E_value', 'scaled_local_query_percent_id', 'scaled_local_symmetric_percent_id', 'local_gap_compressed_percent_id']",,,,,,,,,,,,,,,,,,,,,,,,,,,,,,,,,,,,,,,,,,,,,,,,c61bfae,7e3fa86,ed7262a,22b516c,905941f,a5bb187,f2136cb,0a72354,837b5f5,237229b,c0fcb9f,5f3f687,266bbd5,a2f4ec4,19ccb60
,7c2099f,baseline,2022-11-07T13:45:43,,,,11597,5059,4424,16664,4135,289,16436,65427472,0.628136885311063,13784,0.01836316815274575,0.014726070803388214,194.86778367360435,0.8521907265704877,0.002825471732792553,0.0020058158165821315,437405.96875,277313.27026650246,2.136900194113453,1.4225718209828402,0.49610679241931577,6,,6,,40.0,true ogt only,6,28,2,1,1,-2,False,,"['local_E_value', 'scaled_local_query_percent_id', 'scaled_local_symmetric_percent_id', 'local_gap_compressed_percent_id', 'local_average_coverage']",0.88,True,0.75,True,SLURMCluster,150,blast,8,False,6,3,11,1,BLOSUM62,11,False,5,sensitive,True,,11,1,BLOSUM62,"['local_E_value', 'scaled_local_query_percent_id', 'scaled_local_symmetric_percent_id', 'local_gap_compressed_percent_id']",,,,,,,,,,,,,,,,,,,,,,,,,,,,,,,,,,,,,,,,,,,,,,,,c61bfae,7e3fa86,ed7262a,22b516c,905941f,a5bb187,f2136cb,0a72354,837b5f5,237229b,c0fcb9f,5f3f687,266bbd5,a2f4ec4,19ccb60
,2e9af84,baseline,2022-11-07T13:20:20,,,,11597,5059,4424,16664,4135,289,16436,65427472,0.628136885311063,13784,0.01836316815274575,0.014726070803388214,194.86778367360435,0.8521907265704877,0.002825471732792553,0.0020058158165821315,437405.96875,277313.27026650246,2.136900194113453,1.4225718209828402,0.49610679241931577,6,,6,,40.0,true ogt only,6,28,2,1,1,-2,False,,"['local_E_value', 'scaled_local_query_percent_id', 'scaled_local_symmetric_percent_id', 'local_gap_compressed_percent_id', 'local_average_coverage']",0.88,True,0.75,True,SLURMCluster,150,blast,8,False,6,3,11,1,BLOSUM62,11,False,5,sensitive,True,,11,1,BLOSUM62,"['local_E_value', 'scaled_local_query_percent_id', 'scaled_local_symmetric_percent_id', 'local_gap_compressed_percent_id']",,,,,,,,,,,,,,,,,,,,,,,,,,,,,,,,,,,,,,,,,,,,,,,,c61bfae,7e3fa86,ed7262a,22b516c,905941f,a5bb187,f2136cb,0a72354,837b5f5,237229b,c0fcb9f,5f3f687,266bbd5,a2f4ec4,19ccb60
,5d4db5d,baseline,2022-11-07T12:41:26,,,,11597,5059,4424,16664,4135,289,16436,65427472,0.628136885311063,13784,0.01836316815274575,0.014726070803388214,194.86778367360435,0.8521907265704877,0.0001944824541506969,8.778029856170547e-05,30418.59375,19468.34841622277,0.19107947312295437,0.08592197444066714,0.2559338558472335,6,,6,,40.0,true ogt only,6,28,2,1,1,-2,False,,"['local_E_value', 'scaled_local_query_percent_id', 'scaled_local_symmetric_percent_id', 'local_gap_compressed_percent_id', 'local_average_coverage']",0.88,True,0.75,True,SLURMCluster,100,blast,8,False,6,3,11,1,BLOSUM62,11,False,5,sensitive,True,,11,1,BLOSUM62,"['local_E_value', 'scaled_local_query_percent_id', 'scaled_local_symmetric_percent_id', 'local_gap_compressed_percent_id']",,,,,,,,,,,,,,,,,,,,,,,,,,,,,,,,,,,,,,,,,,,,,,,,c61bfae,7e3fa86,ed7262a,22b516c,905941f,a5bb187,f2136cb,0a72354,837b5f5,237229b,c0fcb9f,5f3f687,266bbd5,a2f4ec4,19ccb60
,e6b24e6,baseline,2022-11-07T11:01:14,,,,11597,5059,4424,16664,4135,289,16436,65427472,0.628136885311063,13784,0.01836316815274575,0.014726070803388214,194.86778367360435,0.8521907265704877,,,,,,,,6,,6,,40.0,true ogt only,6,28,2,1,1,-2,False,,"['local_E_value', 'scaled_local_query_percent_id', 'scaled_local_symmetric_percent_id', 'local_gap_compressed_percent_id', 'local_average_coverage']",0.88,True,0.75,True,SLURMCluster,100,blast,8,,6,3,11,1,BLOSUM62,11,False,5,sensitive,True,,11,1,BLOSUM62,"['local_E_value', 'scaled_local_query_percent_id', 'scaled_local_symmetric_percent_id', 'local_gap_compressed_percent_id']",,,,,,,,,,,,,,,,,,,,,,,,,,,,,,,,,,,,,,,,,,,,,,,,c61bfae,7e3fa86,ed7262a,22b516c,905941f,a5bb187,f2136cb,0a72354,837b5f5,237229b,c0fcb9f,5f3f687,266bbd5,a2f4ec4,19ccb60
,9cc4b60,baseline,2022-11-04T11:23:42,,,,11597,5059,4424,16664,4135,289,16436,65427472,0.628136885311063,13784,0.01836316815274575,0.014726070803388214,194.86778367360435,0.8521907265704877,,,,,,,,6,,6,,40.0,true ogt only,6,28,2,1,1,-2,False,,"['local_E_value', 'scaled_local_query_percent_id', 'scaled_local_symmetric_percent_id', 'local_gap_compressed_percent_id', 'local_average_coverage']",0.88,True,0.75,True,SLURMCluster,100,blast,1,,6,3,11,1,BLOSUM62,11,False,5,sensitive,True,,11,1,BLOSUM62,"['local_E_value', 'scaled_local_query_percent_id', 'scaled_local_symmetric_percent_id', 'local_gap_compressed_percent_id']",,,,,,,,,,,,,,,,,,,,,,,,,,,,,,,,,,,,,,,,,,,,,,,,ebf0888,7e3fa86,ed7262a,22b516c,905941f,a5bb187,f2136cb,0a72354,837b5f5,237229b,c0fcb9f,5f3f687,266bbd5,a2f4ec4,19ccb60
,3bbcbee,baseline,2022-11-03T17:13:51,,,,11597,5059,4424,16664,4135,289,16436,65427472,0.628136885311063,13784,0.01836316815274575,0.014726070803388214,194.86778367360435,0.8521907265704877,,,,,,,,6,,6,,40.0,true ogt only,6,28,2,1,1,-2,False,,"['local_E_value', 'scaled_local_query_percent_id', 'scaled_local_symmetric_percent_id', 'local_gap_compressed_percent_id', 'local_average_coverage']",0.88,True,0.75,True,SLURMCluster,100,blast,1,,6,3,11,1,BLOSUM62,11,False,5,sensitive,True,,11,1,BLOSUM62,"['local_E_value', 'scaled_local_query_percent_id', 'scaled_local_symmetric_percent_id', 'local_gap_compressed_percent_id']",,,,,,,,,,,,,,,,,,,,,,,,,,,,,,,,,,,,,,,,,,,,,,,,,7e3fa86,ed7262a,22b516c,,a5bb187,,0a72354,837b5f5,237229b,c0fcb9f,5f3f687,266bbd5,a2f4ec4,19ccb60
,fda2968,baseline,2022-11-03T17:13:41,,,,11597,5059,4424,16664,4135,289,16436,65427472,0.628136885311063,13784,0.01836316815274575,0.014726070803388214,194.86778367360435,0.8521907265704877,,,,,,,,6,,6,,40.0,true ogt only,6,28,2,1,1,-2,False,,"['local_E_value', 'scaled_local_query_percent_id', 'scaled_local_symmetric_percent_id', 'local_gap_compressed_percent_id', 'local_average_coverage']",0.88,True,0.75,True,LocalCluster,512,blast,16,,1,3,11,1,BLOSUM62,11,False,5,sensitive,True,,11,1,BLOSUM62,"['local_E_value', 'scaled_local_query_percent_id', 'scaled_local_symmetric_percent_id', 'local_gap_compressed_percent_id']",,,,,,,,,,,,,,,,,,,,,,,,,,,,,,,,,,,,,,,,,,,,,,,,,7e3fa86,ed7262a,22b516c,905941f,a5bb187,f2136cb,0a72354,837b5f5,237229b,c0fcb9f,5f3f687,266bbd5,a2f4ec4,19ccb60
,c6681a1,baseline,2022-11-03T14:36:15,,,,11597,5059,4424,16664,4135,289,16436,65427472,0.628136885311063,13784,0.01836316815274575,0.014726070803388214,194.86778367360435,0.8521907265704877,,,,,,,,6,,6,,40.0,true ogt only,6,28,2,1,1,-2,False,,"['local_E_value', 'scaled_local_query_percent_id', 'scaled_local_symmetric_percent_id', 'local_gap_compressed_percent_id', 'local_average_coverage']",0.88,True,0.75,True,SLURMCluster,100,blast,1,,6,3,11,1,BLOSUM62,11,False,5,sensitive,True,,11,1,BLOSUM62,"['local_E_value', 'scaled_local_query_percent_id', 'scaled_local_symmetric_percent_id', 'local_gap_compressed_percent_id']",,,,,,,,,,,,,,,,,,,,,,,,,,,,,,,,,,,,,,,,,,,,,,,,,7e3fa86,ed7262a,22b516c,,a5bb187,,0a72354,837b5f5,237229b,c0fcb9f,5f3f687,266bbd5,a2f4ec4,19ccb60
,f1a0a59,baseline,2022-11-03T12:31:07,,,,11597,5059,4424,16664,4135,289,16436,65427472,0.628136885311063,13784,0.01836316815274575,0.014726070803388214,194.86778367360435,0.8521907265704877,,,,,,,,6,,6,,40.0,true ogt only,6,28,2,1,1,-2,False,,"['local_E_value', 'scaled_local_query_percent_id', 'scaled_local_symmetric_percent_id', 'local_gap_compressed_percent_id', 'local_average_coverage']",0.88,True,0.75,True,LocalCluster,512,blast,16,,1,3,11,1,BLOSUM62,11,False,5,sensitive,True,,11,1,BLOSUM62,"['local_E_value', 'scaled_local_query_percent_id', 'scaled_local_symmetric_percent_id', 'local_gap_compressed_percent_id']",,,,,,,,,,,,,,,,,,,,,,,,,,,,,,,,,,,,,,,,,,,,,,,,,7e3fa86,ed7262a,22b516c,905941f,a5bb187,f2136cb,0a72354,837b5f5,237229b,c0fcb9f,5f3f687,266bbd5,a2f4ec4,19ccb60
,2d70c20,baseline,2022-11-03T10:56:24,,,,11597,5059,4424,16664,4135,289,16436,65427472,0.628136885311063,13784,0.01836316815274575,0.014726070803388214,194.86778367360435,0.8521907265704877,,,,,,,,6,,6,,40.0,true ogt only,6,28,2,1,1,-2,False,,"['local_E_value', 'scaled_local_query_percent_id', 'scaled_local_symmetric_percent_id', 'local_gap_compressed_percent_id', 'local_average_coverage']",0.88,True,0.75,True,LocalCluster,512,blast,16,,1,3,11,1,BLOSUM62,11,False,5,sensitive,True,,11,1,BLOSUM62,"['local_E_value', 'scaled_local_query_percent_id', 'scaled_local_symmetric_percent_id', 'local_gap_compressed_percent_id']",,,,,,,,,,,,,,,,,,,,,,,,,,,,,,,,,,,,,,,,,,,,,,,,,7e3fa86,ed7262a,22b516c,905941f,a5bb187,f2136cb,0a72354,837b5f5,237229b,c0fcb9f,5f3f687,266bbd5,a2f4ec4,19ccb60
,856f7ba,baseline,2022-11-03T10:03:13,,,,11597,5059,4424,16664,4135,289,16436,65427472,0.009677702790341544,87,0.007522697795071336,0.014726070803388214,194.86778367360435,0.8521907265704877,,,,,,,,6,,6,,40.0,true ogt only,6,28,2,1,1,-2,False,,"['local_E_value', 'scaled_local_query_percent_id', 'scaled_local_symmetric_percent_id', 'local_gap_compressed_percent_id', 'local_average_coverage']",0.88,True,0.75,True,LocalCluster,512,blast,16,,1,3,11,1,BLOSUM62,11,False,5,sensitive,True,,11,1,BLOSUM62,"['local_E_value', 'scaled_local_query_percent_id', 'scaled_local_symmetric_percent_id', 'local_gap_compressed_percent_id']",,,,,,,,,,,,,,,,,,,,,,,,,,,,,,,,,,,,,,,,,,,,,,,,,7e3fa86,a92b765,22b516c,546f2c4,a5bb187,24af2de,4452f65,837b5f5,237229b,c0fcb9f,5f3f687,266bbd5,a2f4ec4,19ccb60
,726127d,baseline,2022-11-02T17:47:01,,,,11597,5059,4424,16664,4135,289,16436,65427472,0.009677702790341544,87,0.007522697795071336,0.014726070803388214,194.86778367360435,0.8521907265704877,,,,,,,,6,,2,,40.0,true ogt only,6,28,2,1,1,-2,False,,"['local_E_value', 'scaled_local_query_percent_id', 'scaled_local_symmetric_percent_id', 'local_gap_compressed_percent_id', 'local_average_coverage']",0.88,True,0.75,True,,512,blast,,,,3,,,BLOSUM62,,False,,sensitive,True,,,,BLOSUM62,"['local_E_value', 'scaled_local_query_percent_id', 'scaled_local_symmetric_percent_id', 'local_gap_compressed_percent_id']",1,11,1,11,5,11,1,2,,,,,,,,,,,,,,,,,,,,,,,,,,,,,,,,,,,,,,,,,7e3fa86,a92b765,22b516c,546f2c4,a5bb187,24af2de,4452f65,837b5f5,237229b,c0fcb9f,4993f72,266bbd5,a2f4ec4,19ccb60
,85829ed,baseline,2022-11-02T17:45:06,,,,11597,5059,4424,16664,4135,289,16436,65427472,0.009677702790341544,87,0.007522697795071336,0.014726070803388214,194.86778367360435,0.8521907265704877,,,,,,,,6,,2,,40.0,true ogt only,6,28,2,1,1,-2,False,,"['local_E_value', 'scaled_local_query_percent_id', 'scaled_local_symmetric_percent_id', 'local_gap_compressed_percent_id', 'local_average_coverage']",0.88,True,0.75,True,,512,blast,,,,3,,,BLOSUM62,,False,,sensitive,True,,,,BLOSUM62,"['local_E_value', 'scaled_local_query_percent_id', 'scaled_local_symmetric_percent_id', 'local_gap_compressed_percent_id']",1,11,1,11,5,11,1,2,,,,,,,,,,,,,,,,,,,,,,,,,,,,,,,,,,,,,,,,,7e3fa86,a92b765,22b516c,546f2c4,a5bb187,24af2de,4452f65,837b5f5,237229b,c0fcb9f,4993f72,266bbd5,a2f4ec4,19ccb60
,b0ce04b,baseline,2022-11-02T16:18:11,,,,11597,5059,4424,16664,4135,289,16436,65427472,0.009677702790341544,87,0.007522697795071336,0.014726070803388214,194.86778367360435,0.8521907265704877,,,,,,,,6,,2,,40.0,true ogt only,6,28,2,1,1,-2,False,,"['local_E_value', 'scaled_local_query_percent_id', 'scaled_local_symmetric_percent_id', 'local_gap_compressed_percent_id', 'local_average_coverage']",0.88,True,0.75,True,,512,blast,,,,3,,,BLOSUM62,,False,,sensitive,True,,,,BLOSUM62,"['local_E_value', 'scaled_local_query_percent_id', 'scaled_local_symmetric_percent_id', 'local_gap_compressed_percent_id']",1,11,1,11,5,11,1,2,,,,,,,,,,,,,,,,,,,,,,,,,,,,,,,,,,,,,,,,,7e3fa86,a92b765,22b516c,546f2c4,a5bb187,24af2de,4452f65,837b5f5,237229b,c0fcb9f,4993f72,266bbd5,a2f4ec4,19ccb60
,2d9023a,baseline,2022-11-02T16:17:02,,,,11597,5059,4424,16664,4135,289,16436,65427472,0.009677702790341544,87,0.007522697795071336,0.014726070803388214,194.86778367360435,0.8521907265704877,,,,,,,,6,,2,,40.0,true ogt only,6,28,2,1,1,-2,False,,"['local_E_value', 'scaled_local_query_percent_id', 'scaled_local_symmetric_percent_id', 'local_gap_compressed_percent_id', 'local_average_coverage']",0.88,True,0.75,True,,512,blast,,,,3,,,BLOSUM62,,False,,sensitive,True,,,,BLOSUM62,"['local_E_value', 'scaled_local_query_percent_id', 'scaled_local_symmetric_percent_id', 'local_gap_compressed_percent_id']",1,11,1,11,5,11,1,2,,,,,,,,,,,,,,,,,,,,,,,,,,,,,,,,,,,,,,,,,7e3fa86,a92b765,22b516c,546f2c4,a5bb187,24af2de,4452f65,837b5f5,237229b,c0fcb9f,4993f72,266bbd5,a2f4ec4,19ccb60
,f276471,baseline,2022-11-02T16:09:34,,,,11597,5059,4424,16664,4135,289,16436,65427472,0.009677702790341544,87,0.007522697795071336,0.014726070803388214,194.86778367360435,0.8521907265704877,,,,,,,,6,,2,,40.0,true ogt only,4,28,2,1,1,-2,False,,"['local_E_value', 'scaled_local_query_percent_id', 'scaled_local_symmetric_percent_id', 'local_gap_compressed_percent_id', 'local_average_coverage']",0.88,True,0.75,True,,512,,1,,,,,,,,,,,,,,,,"['local_E_value', 'scaled_local_query_percent_id', 'scaled_local_symmetric_percent_id', 'local_gap_compressed_percent_id']",,,,,,,,2,3,11,1,BLOSUM62,11,False,,,,,,,,,,,,,,,,,,,,,,,,,,,,,,,,,,,7e3fa86,a92b765,22b516c,546f2c4,a5bb187,24af2de,4452f65,837b5f5,237229b,c0fcb9f,4993f72,266bbd5,a2f4ec4,19ccb60
,c59d6d4,baseline,2022-11-02T16:09:19,,,,11597,5059,4424,16664,4135,289,16436,65427472,0.009677702790341544,87,0.007522697795071336,0.014726070803388214,194.86778367360435,0.8521907265704877,,,,,,,,6,,2,,40.0,true ogt only,4,28,2,1,1,-2,False,,"['local_E_value', 'scaled_local_query_percent_id', 'scaled_local_symmetric_percent_id', 'local_gap_compressed_percent_id', 'local_average_coverage']",0.88,True,0.75,True,,512,,1,,,,,,,,,,,,,,,,"['local_E_value', 'scaled_local_query_percent_id', 'scaled_local_symmetric_percent_id', 'local_gap_compressed_percent_id']",,,,,,,,2,3,11,1,BLOSUM62,11,False,,,,,,,,,,,,,,,,,,,,,,,,,,,,,,,,,,,7e3fa86,a92b765,22b516c,546f2c4,a5bb187,24af2de,4452f65,837b5f5,237229b,c0fcb9f,4993f72,266bbd5,a2f4ec4,19ccb60
,fcbb608,baseline,2022-11-01T15:42:30,,,,11597,5059,4424,16664,4135,289,16436,65427472,0.009677702790341544,87,0.007522697795071336,0.014726070803388214,194.86778367360435,0.8521907265704877,,,,,,,,6,,2,,40.0,true ogt only,4,28,2,1,1,-2,False,,"['local_E_value', 'scaled_local_query_percent_id', 'scaled_local_symmetric_percent_id', 'local_gap_compressed_percent_id', 'local_average_coverage']",0.88,True,0.75,True,,512,,1,,,,,,,,,,,,,,,,"['local_E_value', 'scaled_local_query_percent_id', 'scaled_local_symmetric_percent_id', 'local_gap_compressed_percent_id']",,,,,,,,2,3,11,1,BLOSUM62,11,False,,,,,,,,,,,,,,,,,,,,,,,,,,,,,,,,,,,7e3fa86,a92b765,22b516c,546f2c4,a5bb187,24af2de,4452f65,837b5f5,237229b,c0fcb9f,4993f72,633e144,a2f4ec4,19ccb60
,3ca9327,baseline,2022-11-01T09:44:02,,,,11597,5059,4424,16664,4135,289,16436,65427472,0.009677702790341544,87,0.007522697795071336,0.014726070803388214,194.86778367360435,0.8521907265704877,,,,,,,,6,,2,,40.0,true ogt only,4,28,2,1,1,-2,False,,"['local_E_value', 'scaled_local_query_percent_id', 'scaled_local_symmetric_percent_id', 'local_gap_compressed_percent_id', 'local_average_coverage']",0.88,True,0.75,True,,512,,1,,,,,,,,,,,,,,,,"['local_E_value', 'scaled_local_query_percent_id', 'scaled_local_symmetric_percent_id', 'local_gap_compressed_percent_id']",,,,,,,,2,3,11,1,BLOSUM62,11,False,,,,,,,,,,,,,,,,,,,,,,,,,,,,,,,,,,,7e3fa86,a92b765,22b516c,546f2c4,a5bb187,24af2de,4452f65,837b5f5,237229b,c0fcb9f,4993f72,633e144,a2f4ec4,19ccb60
,34362d4,baseline,2022-11-01T09:31:22,,,,11597,5059,4424,16664,4135,289,16436,65427472,0.009677702790341544,87,0.007522697795071336,0.014726070803388214,194.86778367360435,0.8521907265704877,,,,,,,,6,,2,,40.0,true ogt only,4,28,2,1,1,-2,False,,"['local_E_value', 'scaled_local_query_percent_id', 'scaled_local_symmetric_percent_id', 'local_gap_compressed_percent_id', 'local_average_coverage']",0.88,True,0.75,True,,512,,1,,,,,,,,,,,,,,,,"['local_E_value', 'scaled_local_query_percent_id', 'scaled_local_symmetric_percent_id', 'local_gap_compressed_percent_id']",,,,,,,,2,3,11,1,BLOSUM62,11,False,,,,,,,,,,,,,,,,,,,,,,,,,,,,,,,,,,,7e3fa86,a92b765,22b516c,546f2c4,a5bb187,24af2de,4452f65,837b5f5,237229b,c0fcb9f,4993f72,633e144,a2f4ec4,19ccb60
,82962a4,baseline,2022-11-01T09:29:10,,,,11597,5059,4424,16664,4135,289,16436,65427472,0.009677702790341544,87,0.007522697795071336,0.014726070803388214,194.86778367360435,0.8521907265704877,,,,,,,,6,,2,,40.0,true ogt only,4,28,2,1,1,-2,False,,"['local_E_value', 'scaled_local_query_percent_id', 'scaled_local_symmetric_percent_id', 'local_gap_compressed_percent_id', 'local_average_coverage']",0.88,True,0.75,True,,512,,1,,,,,,,,,,,,,,,,"['local_E_value', 'scaled_local_query_percent_id', 'scaled_local_symmetric_percent_id', 'local_gap_compressed_percent_id']",,,,,,,,2,3,11,1,BLOSUM62,11,False,,,,,,,,,,,,,,,,,,,,,,,,,,,,,,,,,,,7e3fa86,a92b765,22b516c,546f2c4,a5bb187,24af2de,4452f65,837b5f5,237229b,c0fcb9f,4993f72,633e144,a2f4ec4,19ccb60
,a8f3a29,baseline,2022-11-01T09:28:05,,,,11597,5059,4424,16664,4135,289,16436,65427472,0.628136885311063,13784,0.01836316815274575,0.010312286157413007,136.4505413532257,0.8987433192686357,,,,,,,,,,,,,,,,,,,,,,,,,,,,,,,,,,,,,,,,,,,,,,,,,,,,,,,,,,,,,6,,2,,40.0,true ogt only,4,28,2,1,1,-2,False,,"['local_E_value', 'scaled_local_query_percent_id', 'scaled_local_symmetric_percent_id', 'local_gap_compressed_percent_id', 'local_average_coverage']",0.88,True,0.75,True,1,3,11,1,BLOSUM62,11,False,1,"['local_E_value', 'scaled_local_query_percent_id', 'scaled_local_symmetric_percent_id', 'local_gap_compressed_percent_id']",,,,,,,7e3fa86,533fb22,22b516c,546f2c4,a5bb187,1e35530,44e154f,837b5f5,ff95225,8852832,942e6f7,1fb89dc,5dd3c52,63c9cd1
,b6e677b,baseline,2022-11-01T09:27:30,,,,11597,5059,4424,16664,4135,289,16436,65427472,0.009677702790341544,87,0.007522697795071336,0.014726070803388214,194.86778367360435,0.8521907265704877,,,,,,,,6,,2,,40.0,true ogt only,4,28,2,1,1,-2,False,,"['local_E_value', 'scaled_local_query_percent_id', 'scaled_local_symmetric_percent_id', 'local_gap_compressed_percent_id', 'local_average_coverage']",0.88,True,0.75,True,,512,,1,,,,,,,,,,,,,,,,"['local_E_value', 'scaled_local_query_percent_id', 'scaled_local_symmetric_percent_id', 'local_gap_compressed_percent_id']",,,,,,,,2,3,11,1,BLOSUM62,11,False,,,,,,,,,,,,,,,,,,,,,,,,,,,,,,,,,,,7e3fa86,a92b765,22b516c,546f2c4,a5bb187,24af2de,4452f65,837b5f5,237229b,c0fcb9f,4993f72,633e144,a2f4ec4,19ccb60
,86c9a03,baseline,2022-10-27T16:37:43,,,,11597,5059,4424,16664,4135,289,16436,65427472,0.009677702790341544,87,0.007522697795071336,0.005226187332466569,69.15833876927694,0.8825526063390531,,,,,,,,6,,2,,40.0,true ogt only,4,28,2,1,1,-2,False,,"['local_E_value', 'scaled_local_query_percent_id', 'scaled_local_symmetric_percent_id', 'local_gap_compressed_percent_id', 'local_average_coverage']",0.88,True,0.75,True,,512,,1,,,,,,,,,,,,,,,,"['local_E_value', 'scaled_local_query_percent_id', 'scaled_local_symmetric_percent_id', 'local_gap_compressed_percent_id']",,,,,,,,1,3,11,1,BLOSUM62,11,False,,,,,,,,,,,,,,,,,,,,,,,,,,,,,,,,,,,7e3fa86,a92b765,22b516c,546f2c4,a5bb187,24af2de,4452f65,837b5f5,237229b,c0fcb9f,4993f72,633e144,a2f4ec4,19ccb60
,8ad16e6,baseline,2022-10-26T14:26:53,,,,11597,5059,4424,16664,4135,289,16436,65427472,0.628136885311063,13784,0.01836316815274575,0.010312286157413007,136.4505413532257,0.8987433192686357,,,,,,,,,,,,,,,,,,,,,,,,,,,,,,,,,,,,,,,,,,,,,,,,,,,,,,,,,,,,,6,,2,,40.0,true ogt only,4,28,2,1,1,-2,False,,"['local_E_value', 'scaled_local_query_percent_id', 'scaled_local_symmetric_percent_id', 'local_gap_compressed_percent_id', 'local_average_coverage']",0.88,True,0.75,True,1,3,11,1,BLOSUM62,11,False,1,"['local_E_value', 'scaled_local_query_percent_id', 'scaled_local_symmetric_percent_id', 'local_gap_compressed_percent_id']",512,,,,,,7e3fa86,533fb22,22b516c,546f2c4,a5bb187,1e35530,44e154f,837b5f5,ff95225,8852832,942e6f7,1fb89dc,5dd3c52,63c9cd1
,00d20dd,baseline,2022-10-25T17:05:38,,,,11597,5059,4424,16664,4135,289,16436,65427472,0.628136885311063,13784,0.01836316815274575,0.010312286157413007,136.4505413532257,0.8987433192686357,,,,,,,,,,,,,,,,,,,,,,,,,,,,,,,,,,,,,,,,,,,,,,,,,,,,,,,,,,,,,6,,2,,40.0,true ogt only,4,28,2,1,1,-2,False,,"['local_E_value', 'scaled_local_query_percent_id', 'scaled_local_symmetric_percent_id', 'local_gap_compressed_percent_id', 'local_average_coverage']",0.88,True,0.75,True,1,3,11,1,BLOSUM62,11,False,1,"['local_E_value', 'scaled_local_query_percent_id', 'scaled_local_symmetric_percent_id', 'local_gap_compressed_percent_id']",,,,,,,7e3fa86,533fb22,22b516c,546f2c4,a5bb187,1e35530,44e154f,837b5f5,ff95225,8852832,942e6f7,1fb89dc,5dd3c52,63c9cd1
,2789552,baseline,2022-10-25T08:56:25,,,,11597,5059,4424,16664,4135,289,16436,65427472,0.628136885311063,13784,0.01836316815274575,0.010312286157413007,136.4505413532257,0.8987433192686357,,,,,,,,,,,,,,,,,,,,,,,,,,,,,,,,,,,,,,,,,,,,,,,,,,,,,,,,,,,,,6,,2,,40.0,true ogt only,4,28,2,1,1,-2,False,,"['local_E_value', 'scaled_local_query_percent_id', 'scaled_local_symmetric_percent_id', 'local_gap_compressed_percent_id', 'local_average_coverage']",0.88,True,0.75,True,1,3,11,1,BLOSUM62,11,False,1,"['local_E_value', 'scaled_local_query_percent_id', 'scaled_local_symmetric_percent_id', 'local_gap_compressed_percent_id']",,,,,,,7e3fa86,533fb22,22b516c,546f2c4,a5bb187,1e35530,44e154f,837b5f5,ff95225,8852832,942e6f7,1fb89dc,5dd3c52,019fe25
,cd61992,baseline,2022-10-25T08:52:02,,,,11597,5059,4424,16664,4135,289,16436,65427472,0.628136885311063,13784,0.01836316815274575,0.010312286157413007,136.4505413532257,0.8987433192686357,,,,,,,,,,,,,,,,,,,,,,,,,,,,,,,,,,,,,,,,,,,,,,,,,,,,,,,,,,,,,6,,2,,40.0,true ogt only,4,28,2,1,1,-2,False,,"['local_E_value', 'scaled_local_query_percent_id', 'scaled_local_symmetric_percent_id', 'local_gap_compressed_percent_id', 'local_average_coverage']",0.88,True,0.75,True,1,3,11,1,BLOSUM62,11,False,1,"['local_E_value', 'scaled_local_query_percent_id', 'scaled_local_symmetric_percent_id', 'local_gap_compressed_percent_id']",,,,,,,7e3fa86,533fb22,22b516c,546f2c4,a5bb187,1e35530,44e154f,837b5f5,ff95225,8852832,942e6f7,1fb89dc,5dd3c52,019fe25
,3853ca8,baseline,!,,!,!,!,!,!,!,!,!,!,!,!,!,!,!,!,!,!,!,!,!,!,!,!,!,!,!,!,!,!,!,!,!,!,!,!,!,!,!,!,!,!,!,!,!,!,!,!,!,!,!,!,!,!,!,!,!,!,!,!,!,!,!,!,!,!,!,!,!,!,!,!,!,!,!,!,!,!,!,!,!,!,!,!,!,!,!,!,!,!,!,!,!,!,!,!,!,!,!,!,!,!,!,!,!,!,!,!,!,!,,,,,,,,,,,,,,,
,3c3491b,baseline,!,,!,!,!,!,!,!,!,!,!,!,!,!,!,!,!,!,!,!,!,!,!,!,!,!,!,!,!,!,!,!,!,!,!,!,!,!,!,!,!,!,!,!,!,!,!,!,!,!,!,!,!,!,!,!,!,!,!,!,!,!,!,!,!,!,!,!,!,!,!,!,!,!,!,!,!,!,!,!,!,!,!,!,!,!,!,!,!,!,!,!,!,!,!,!,!,!,!,!,!,!,!,!,!,!,!,!,!,!,!,,,,,,,,,,,,,,,
,c5defb4,baseline,!,,!,!,!,!,!,!,!,!,!,!,!,!,!,!,!,!,!,!,!,!,!,!,!,!,!,!,!,!,!,!,!,!,!,!,!,!,!,!,!,!,!,!,!,!,!,!,!,!,!,!,!,!,!,!,!,!,!,!,!,!,!,!,!,!,!,!,!,!,!,!,!,!,!,!,!,!,!,!,!,!,!,!,!,!,!,!,!,!,!,!,!,!,!,!,!,!,!,!,!,!,!,!,!,!,!,!,!,!,!,,,,,,,,,,,,,,,
,7c7fa31,baseline,!,,!,!,!,!,!,!,!,!,!,!,!,!,!,!,!,!,!,!,!,!,!,!,!,!,!,!,!,!,!,!,!,!,!,!,!,!,!,!,!,!,!,!,!,!,!,!,!,!,!,!,!,!,!,!,!,!,!,!,!,!,!,!,!,!,!,!,!,!,!,!,!,!,!,!,!,!,!,!,!,!,!,!,!,!,!,!,!,!,!,!,!,!,!,!,!,!,!,!,!,!,!,!,!,!,!,!,!,!,!,,,,,,,,,,,,,,,
,0dd5687,baseline,!,,!,!,!,!,!,!,!,!,!,!,!,!,!,!,!,!,!,!,!,!,!,!,!,!,!,!,!,!,!,!,!,!,!,!,!,!,!,!,!,!,!,!,!,!,!,!,!,!,!,!,!,!,!,!,!,!,!,!,!,!,!,!,!,!,!,!,!,!,!,!,!,!,!,!,!,!,!,!,!,!,!,!,!,!,!,!,!,!,!,!,!,!,!,!,!,!,!,!,!,!,!,!,!,!,!,!,!,!,!,,,,,,,,,,,,,,,
,f817ec2,baseline,!,,!,!,!,!,!,!,!,!,!,!,!,!,!,!,!,!,!,!,!,!,!,!,!,!,!,!,!,!,!,!,!,!,!,!,!,!,!,!,!,!,!,!,!,!,!,!,!,!,!,!,!,!,!,!,!,!,!,!,!,!,!,!,!,!,!,!,!,!,!,!,!,!,!,!,!,!,!,!,!,!,!,!,!,!,!,!,!,!,!,!,!,!,!,!,!,!,!,!,!,!,!,!,!,!,!,!,!,!,!,,,,,,,,,,,,,,,
,b5389fa,baseline,!,,!,!,!,!,!,!,!,!,!,!,!,!,!,!,!,!,!,!,!,!,!,!,!,!,!,!,!,!,!,!,!,!,!,!,!,!,!,!,!,!,!,!,!,!,!,!,!,!,!,!,!,!,!,!,!,!,!,!,!,!,!,!,!,!,!,!,!,!,!,!,!,!,!,!,!,!,!,!,!,!,!,!,!,!,!,!,!,!,!,!,!,!,!,!,!,!,!,!,!,!,!,!,!,!,!,!,!,!,!,,,,,,,,,,,,,,,
,8e529b8,baseline,!,,!,!,!,!,!,!,!,!,!,!,!,!,!,!,!,!,!,!,!,!,!,!,!,!,!,!,!,!,!,!,!,!,!,!,!,!,!,!,!,!,!,!,!,!,!,!,!,!,!,!,!,!,!,!,!,!,!,!,!,!,!,!,!,!,!,!,!,!,!,!,!,!,!,!,!,!,!,!,!,!,!,!,!,!,!,!,!,!,!,!,!,!,!,!,!,!,!,!,!,!,!,!,!,!,!,!,!,!,!,,,,,,,,,,,,,,,
,90f801b,baseline,!,,!,!,!,!,!,!,!,!,!,!,!,!,!,!,!,!,!,!,!,!,!,!,!,!,!,!,!,!,!,!,!,!,!,!,!,!,!,!,!,!,!,!,!,!,!,!,!,!,!,!,!,!,!,!,!,!,!,!,!,!,!,!,!,!,!,!,!,!,!,!,!,!,!,!,!,!,!,!,!,!,!,!,!,!,!,!,!,!,!,!,!,!,!,!,!,!,!,!,!,!,!,!,!,!,!,!,!,!,!,,,,,,,,,,,,,,,
,9645130,baseline,2022-10-20T10:54:00,,,,11597,5059,4424,16664,4135,289,16436,65427472,0.628136885311063,13784,0.01836316815274575,,,,,,,,,,,,,,,,,,,,,,,,,,,,,,,,,,,,,,,,,,,,,,,,,,,,,,,,,,,,,,,,6,,2,,40.0,true ogt only,4,28,2,1,1,-2,False,,"['local_E_value', 'scaled_local_query_percent_id', 'scaled_local_symmetric_percent_id', 'local_gap_compressed_percent_id', 'local_average_coverage']",0.88,True,0.75,True,4,3,11,1,BLOSUM62,11,False,1,"['local_E_value', 'scaled_local_query_percent_id', 'scaled_local_symmetric_percent_id', 'local_gap_compressed_percent_id']",,,,,,,7e3fa86,60d4e15,22b516c,,a5bb187,,3dc5252,837b5f5,2be959a,8852832,f4efa54,1fb89dc,5dd3c52,
,5f80a8a,baseline,!,,!,!,!,!,!,!,!,!,!,!,!,!,!,!,!,!,!,!,!,!,!,!,!,!,!,!,!,!,!,!,!,!,!,!,!,!,!,!,!,!,!,!,!,!,!,!,!,!,!,!,!,!,!,!,!,!,!,!,!,!,!,!,!,!,!,!,!,!,!,!,!,!,!,!,!,!,!,!,!,!,!,!,!,!,!,!,!,!,!,!,!,!,!,!,!,!,!,!,!,!,!,!,!,!,!,!,!,!,!,,,,,,,,,,,,,,,
,481dd87,baseline,2022-10-20T10:07:02,,,,11597,5059,4424,16664,4135,289,16436,65427472,0.628136885311063,13784,0.01836316815274575,,,,,,,,,,,,,,,,,,,,,,,,,,,,,,,,,,,,,,,,,,,,,,,,,,,,,,,,,,,,,,,,6,,2,,40.0,true ogt only,4,28,2,1,1,-2,False,,"['local_E_value', 'scaled_local_query_percent_id', 'scaled_local_symmetric_percent_id', 'local_gap_compressed_percent_id', 'local_average_coverage']",0.88,True,0.75,True,4,3,11,1,BLOSUM62,11,False,1,"['local_E_value', 'scaled_local_query_percent_id', 'scaled_local_symmetric_percent_id', 'local_gap_compressed_percent_id']",,,,,,,7e3fa86,60d4e15,22b516c,,a5bb187,,3dc5252,837b5f5,2be959a,8852832,f4efa54,1fb89dc,5dd3c52,
,327ef26,baseline,2022-10-18T17:24:36,,,,11597,5059,4424,16664,4135,289,16436,65427472,0.628136885311063,13784,0.01836316815274575,,,,,,,,,,,,,,,,,,,,,,,,,,,,,,,,,,,,,,,,,,,,,,,,,,,,,,,,,,,,,,,,6,,2,,40.0,true ogt only,4,28,2,1,1,-2,False,,"['local_E_value', 'scaled_local_query_percent_id', 'scaled_local_symmetric_percent_id', 'local_gap_compressed_percent_id', 'local_average_coverage']",0.88,True,0.75,True,4,3,11,1,BLOSUM62,11,False,1,"['local_E_value', 'scaled_local_query_percent_id', 'scaled_local_symmetric_percent_id', 'local_gap_compressed_percent_id']",,,,,,,7e3fa86,60d4e15,22b516c,,a5bb187,,3dc5252,837b5f5,2be959a,8852832,f4efa54,1fb89dc,5dd3c52,
,fac23b9,baseline,2022-10-18T16:41:40,,,,11597,5059,4424,16664,4135,289,16436,65427472,,13784,0.01836316815274575,,,,,,,,,,,,,,,,,,,,,,,,,,,,,,,,,,,,,,,,,,,,,,,,,,,,,,,,,,,,,,,,6,,2,,40.0,true ogt only,4,28,2,1,1,-2,False,,"['local_E_value', 'scaled_local_query_percent_id', 'scaled_local_symmetric_percent_id', 'local_gap_compressed_percent_id', 'local_average_coverage']",0.88,True,0.75,True,2,28,5,2,BLOSUM62,,False,2,"['local_E_value', 'scaled_local_query_percent_id', 'scaled_local_symmetric_percent_id', 'local_gap_compressed_percent_id']",,,,,,,7e3fa86,60d4e15,22b516c,,a5bb187,,3dc5252,837b5f5,2be959a,8852832,f4efa54,1fb89dc,5dd3c52,
,b239803,baseline,2022-10-18T12:14:00,,,,11597,5059,4424,16664,4135,289,16436,65427472,,13784,0.01836316815274575,,,,,,,,,,,,,,,,,,,,,,,,,,,,,,,,,,,,,,,,,,,,,,,,,,,,,,,,,,,,,,,,6,,2,,40.0,true ogt only,4,28,2,1,1,-2,False,,"['local_E_value', 'scaled_local_query_percent_id', 'scaled_local_symmetric_percent_id', 'local_gap_compressed_percent_id', 'local_average_coverage']",0.88,True,0.75,True,2,28,5,2,BLOSUM62,,False,2,"['local_E_value', 'scaled_local_query_percent_id', 'scaled_local_symmetric_percent_id', 'local_gap_compressed_percent_id']",,,,,,,7e3fa86,60d4e15,22b516c,,a5bb187,,3dc5252,837b5f5,2be959a,8852832,f4efa54,1fb89dc,5dd3c52,
,bce7fc2,baseline,2022-10-18T09:23:45,,,,11597,5059,4424,16664,4135,289,16436,65427472,,13784,,,,,,,,,,,,,,,,,,,,,,,,,,,,,,,,,,,,,,,,,,,,,,,,,,,,,,,,,,,,,,,,,6,,2,,40.0,true ogt only,2,28,2,1,1,-2,False,,"['local_E_value', 'scaled_local_query_percent_id', 'scaled_local_symmetric_percent_id', 'local_gap_compressed_percent_id', 'local_average_coverage']",0.88,True,0.75,True,2,28,5,2,BLOSUM62,,False,2,"['local_E_value', 'scaled_local_query_percent_id', 'scaled_local_symmetric_percent_id', 'local_gap_compressed_percent_id']",,,,,,,7e3fa86,60d4e15,22b516c,,a5bb187,,69fe352,837b5f5,2be959a,8852832,f4efa54,58d6886,f9c6c3f,
,a27f4b1,baseline,2022-10-18T09:23:15,,,,11597,5059,4424,16664,4135,289,16436,65427472,,13784,,,,,,,,,,,,,,,,,,,,,,,,,,,,,,,,,,,,,,,,,,,,,,,,,,,,,,,,,,,,,,,,,6,,2,,40.0,true ogt only,2,28,2,1,1,-2,False,,"['local_E_value', 'scaled_local_query_percent_id', 'scaled_local_symmetric_percent_id', 'local_gap_compressed_percent_id', 'local_average_coverage']",0.88,True,0.75,True,2,28,5,2,BLOSUM62,,False,2,"['local_E_value', 'scaled_local_query_percent_id', 'scaled_local_symmetric_percent_id', 'local_gap_compressed_percent_id']",,,,,,,7e3fa86,60d4e15,22b516c,,a5bb187,,69fe352,837b5f5,2be959a,8852832,f4efa54,58d6886,f9c6c3f,
,deade71,baseline,2022-10-14T19:03:40,,,,11597,5059,4424,16664,4135,289,16436,65427472,,13784,,,,,,,,,,,,,,,,,,,,,,,,,,,,,,,,,,,,,,,,,,,,,,,,,,,,,,,,,,,,,,,,,6,,2,,40.0,true ogt only,2,28,2,1,1,-2,False,,"['local_E_value', 'scaled_local_query_percent_id', 'scaled_local_symmetric_percent_id', 'local_gap_compressed_percent_id', 'local_average_coverage']",0.88,True,0.75,True,2,28,5,2,BLOSUM62,,False,2,"['local_E_value', 'scaled_local_query_percent_id', 'scaled_local_symmetric_percent_id', 'local_gap_compressed_percent_id']",,,,,,,7e3fa86,60d4e15,22b516c,,a5bb187,,69fe352,837b5f5,2be959a,8852832,f4efa54,58d6886,f9c6c3f,
,1f3cfbd,baseline,2022-10-14T16:42:09,,,,11597,5059,4424,16664,4135,289,16436,65427472,,118459,,,,,,,,,,,,,,,,,,,,,,,,,,,,,,,,,,,,,,,,,,,,,,,,,,,,,,,,,,,,,,,,,6,,2,,40.0,true ogt only,2,28,5,1,2,-3,False,,"['local_E_value', 'scaled_local_query_percent_id', 'scaled_local_symmetric_percent_id', 'local_gap_compressed_percent_id', 'local_average_coverage']",0.88,True,,,2,28,5,2,BLOSUM62,,False,2,"['local_E_value', 'scaled_local_query_percent_id', 'scaled_local_symmetric_percent_id', 'local_gap_compressed_percent_id']",,1e-50,False,,,,7e3fa86,fd367e5,69ee2d0,,a5bb187,,cd9d392,837b5f5,2be959a,8852832,f4efa54,9bfe80f,f9c6c3f,
,166dac5,baseline,2022-10-14T16:31:52,,,,11597,5059,4424,16664,4135,289,16436,65427472,,118459,,,,,,,,,,,,,,,,,,,,,,,,,,,,,,,,,,,,,,,,,,,,,,,,,,,,,,,,,,,,,,,,,6,,2,,40.0,true ogt only,2,28,5,1,2,-3,False,,"['local_E_value', 'scaled_local_query_percent_id', 'scaled_local_symmetric_percent_id', 'local_gap_compressed_percent_id', 'local_average_coverage']",0.88,True,,,2,28,5,2,BLOSUM62,,False,2,"['local_E_value', 'scaled_local_query_percent_id', 'scaled_local_symmetric_percent_id', 'local_gap_compressed_percent_id']",,1e-50,False,,,,7e3fa86,fd367e5,69ee2d0,,a5bb187,,cd9d392,837b5f5,2be959a,8852832,f4efa54,9bfe80f,f9c6c3f,
,57c3bd6,baseline,2022-10-14T11:42:21,,,,11597,5059,4424,16664,3253,1171,16436,65427472,,118459,,,,,,,,,,,,,,,,,,,,,,,,,,,,,,,,,,,,,,,,,,,,,,,,,,,,,,,,,,,,,,,,,6,,2,,33.0,true ogt only,2,28,5,2,2,-3,False,,"['local_E_value', 'scaled_local_query_percent_id', 'scaled_local_symmetric_percent_id', 'local_gap_compressed_percent_id']",0.88,True,,,,,,,,,,,,,1e-50,False,,,,7e3fa86,fd367e5,69ee2d0,,a5bb187,,cd9d392,837b5f5,2be959a,8852832,e831878,9bfe80f,f9c6c3f,
,cd94734,baseline,2022-10-14T10:17:31,,,,11597,5059,4424,16664,3253,1171,16436,65427472,,118459,,,,,,,,,,,,,,,,,,,,,,,,,,,,,,,,,,,,,,,,,,,,,,,,,,,,,,,,,,,,,,,,,6,,2,,33.0,true ogt only,2,28,5,2,2,-3,False,,"['local_E_value', 'scaled_local_query_percent_id', 'scaled_local_symmetric_percent_id', 'local_gap_compressed_percent_id']",0.88,True,,,,,,,,,,,,,1e-50,False,,,,7e3fa86,fd367e5,69ee2d0,,a5bb187,,cd9d392,837b5f5,2be959a,8852832,599f96a,9bfe80f,f9c6c3f,
,03e3265,baseline,2022-10-13T14:25:58,,,,11597,5059,4424,16664,3253,1171,16436,65427472,,118459,,,,,,,,,,,,,,,,,,,,,,,,,,,,,,,,,,,,,,,,,,,,,,,,,,,,,,,,,,,,,,,,,6,,2,,33.0,true ogt only,2,28,5,2,2,-3,False,,"['local_E_value', 'scaled_local_query_percent_id', 'scaled_local_symmetric_percent_id', 'local_gap_compressed_percent_id']",0.88,True,,,,,,,,,,,,,1e-50,False,,,,7e3fa86,fd367e5,69ee2d0,,a5bb187,,cd9d392,837b5f5,2be959a,8852832,599f96a,9bfe80f,add2429,
,47ce41d,baseline,2022-10-13T14:20:02,,,,11597,5059,4424,16664,3253,1171,16436,65427472,,284407,,,,,,,,,,,,,,,,,,,,,,,,,,,,,,,,,,,,,,,,,,,,,,,,,,,,,,,,,,,,,,,,,6,,2,,33.0,true ogt only,2,28,5,2,2,-3,False,,"['local_E_value', 'scaled_local_query_percent_id', 'scaled_local_symmetric_percent_id', 'local_gap_compressed_percent_id']",0.82,True,,,,,,,,,,,,,1e-50,False,,,,7e3fa86,fd367e5,69ee2d0,,a5bb187,,cd9d392,837b5f5,2be959a,8852832,599f96a,9bfe80f,add2429,
,58f4906,baseline,2022-10-13T13:00:33,,,,11597,5059,4424,16664,3253,1171,16436,65427472,,!,!,,,,,,,,,,,,,,,,,,,,,,,,,,,,,,,,,,,,,,,,,,,,,,,,,,,,,,,,,,,,,,,,6,,2,,33.0,true ogt only,2,28,5,2,2,-3,False,,"['local_E_value', 'scaled_local_query_percent_id', 'scaled_local_symmetric_percent_id', 'local_gap_compressed_percent_id']",0.82,True,,,,,,,,,,,,,1e-50,False,,,,7e3fa86,fd367e5,69ee2d0,,a5bb187,,cd9d392,837b5f5,2be959a,8852832,599f96a,9bfe80f,eea1ed1,
,cbfa9cb,baseline,2022-10-12T21:30:38,,,,11597,5059,4424,16664,3253,1171,16436,65427472,,,,,,,,,,,,,,,,,,,,,,,,,,,,,,,,,,,,,,,,,,,,,,,,,,,,,,,,,,,,,,,,,,,6,,2,,33.0,true ogt only,2,28,5,2,2,-3,False,,"['local_E_value', 'scaled_local_query_percent_id', 'scaled_local_symmetric_percent_id', 'local_gap_compressed_percent_id']",,,,,,,,,,,,,,,,,,,,7e3fa86,fd367e5,69ee2d0,,a5bb187,,,837b5f5,2be959a,8852832,599f96a,9bfe80f,,
,3449c1f,baseline,2022-10-12T10:34:45,,,,11597,5059,4424,16664,3253,1171,16436,65427472,,,,,,,,,,,,,,,,,,,,,,,,,,,,,,,,,,,,,,,,,,,,,,,,,,,,,,,,,,,,,,,,,,,6,,2,,33.0,true ogt only,,,,,,,,,,,,,,,,,,,,,,,,,,,,,7e3fa86,,,,a5bb187,,,837b5f5,2be959a,8852832,599f96a,,,
,c9570fd,baseline,2022-10-11T16:46:00,,,,11597,5059,4424,16664,3253,1171,16436,65427472,,,,,,,,,,,,,,,,,,,,,,,,,,,,,,,,,,,,,,,,,,,,,,,,,,,,,,,,,,,,,,,,,,,6,,2,,33.0,true ogt only,,,,,,,,,,,,,,,,,,,,,,,,,,,,,7e3fa86,,,,a5bb187,,,837b5f5,2be959a,8852832,599f96a,,,
,f77450b,baseline,2022-10-11T16:10:54,,,,11597,5059,4424,16664,3253,1171,16436,65427472,,,,,,,,,,,,,,,,,,,,,,,,,,,,,,,,,,,,,,,,,,,,,,,,,,,,,,,,,,,,,,,,,,,6,,2,,33.0,true ogt only,,,,,,,,,,,,,,,,,,,,,,,,,,,,,7e3fa86,,,,a5bb187,,,837b5f5,2be959a,8852832,599f96a,,,
,445989b,baseline,2022-10-11T11:25:46,,,,11597,5059,4424,16664,3253,1171,16436,65427472,,,,,,,,,,,,,,,,,,,,,,,,,,,,,,,,,,,,,,,,,,,,,,,,,,,,,,,,,,,,,,,,,,,6,,2,,33.0,true ogt only,,,,,,,,,,,,,,,,,,,,,,,,,,,,,7e3fa86,,,,a5bb187,,,837b5f5,2be959a,8852832,599f96a,,,
,4a9f06f,baseline,2022-10-11T10:09:50,,,,11597,5059,4424,16664,3253,1171,16436,65427472,,,,,,,,,,,,,,,,,,,,,,,,,,,,,,,,,,,,,,,,,,,,,,,,,,,,,,,,,,,,,,,,,,,6,,2,,33.0,true ogt only,,,,,,,,,,,,,,,,,,,,,,,,,,,,,7e3fa86,,,,a5bb187,,,837b5f5,2be959a,8852832,599f96a,,,
,9255212,baseline,2022-10-10T20:34:16,,,,11597,5059,4424,16664,3253,1171,16436,65427472,,,,,,,,,,,,,,,,,,,,,,,,,,,,,,,,,,,,,,,,,,,,,,,,,,,,,,,,,,,,,,,,,,,6,,2,,33.0,true ogt only,,,,,,,,,,,,,,,,,,,,,,,,,,,,,7e3fa86,,,,a5bb187,,,837b5f5,2be959a,8852832,599f96a,,,
,bab667b,baseline,2022-10-10T20:29:02,,,,11597,5059,4424,16664,3253,1171,16436,65427472,,,,,,,,,,,,,,,,,,,,,,,,,,,,,,,,,,,,,,,,,,,,,,,,,,,,,,,,,,,,,,,,,,,6,,2,,33.0,true ogt only,,,,,,,,,,,,,,,,,,,,,,,,,,,,,7e3fa86,,,,a5bb187,,,837b5f5,2be959a,8852832,599f96a,,,
,edfc3ae,baseline,2022-10-10T19:32:58,,,,11597,5059,4424,16664,3253,1171,16436,65427472,,,,,,,,,,,,,,,,,,,,,,,,,,,,,,,,,,,,,,,,,,,,,,,,,,,,,,,,,,,,,,,,,,,6,,2,,33.0,true ogt only,,,,,,,,,,,,,,,,,,,,,,,,,,,,,7e3fa86,,,,a5bb187,,,837b5f5,2be959a,8852832,599f96a,,,
,a809c6a,baseline,2022-10-07T13:27:33,,,,11597,5059,4424,16664,3253,1171,16436,65427472,,,,,,,,,,,,,,,,,,,,,,,,,,,,,,,,,,,,,,,,,,,,,,,,,,,,,,,,,,,,,,,,,,,6,,2,,33.0,true ogt only,,,,,,,,,,,,,,,,,,,,,,,,,,,,,7e3fa86,,,,a5bb187,,,837b5f5,2be959a,8852832,599f96a,,,
,f8ff001,baseline,2022-10-07T13:22:18,,,,11597,5059,4424,16664,3253,1171,16436,65427472,,,,,,,,,,,,,,,,,,,,,,,,,,,,,,,,,,,,,,,,,,,,,,,,,,,,,,,,,,,,,,,,,,,6,,2,,33.0,true ogt only,,,,,,,,,,,,,,,,,,,,,,,,,,,,,7e3fa86,,,,a5bb187,,,837b5f5,2be959a,c0117f6,599f96a,,,
,446681a,baseline,2022-10-07T13:21:04,,,,11597,5059,4424,16664,0,1171,16436,65427472,,,,,,,,,,,,,,,,,,,,,,,,,,,,,,,,,,,,,,,,,,,,,,,,,,,,,,,,,,,,,,,,,,,6,,2,,33.0,true ogt only,,,,,,,,,,,,,,,,,,,,,,,,,,,,,7e3fa86,,,,a5bb187,,,837b5f5,2be959a,bb4ff8a,599f96a,,,
,9c30f2d,baseline,2022-10-07T12:38:21,,,,11597,5059,4424,16664,3253,1171,16436,65427472,,,,,,,,,,,,,,,,,,,,,,,,,,,,,,,,,,,,,,,,,,,,,,,,,,,,,,,,,,,,,,,,,,,6,,2,,33.0,true ogt only,,,,,,,,,,,,,,,,,,,,,,,,,,,,,7e3fa86,,,,a5bb187,,,837b5f5,2be959a,9344f8b,599f96a,,,
,c91a5f4,baseline,2022-10-07T09:00:41,,,,11597,5059,4424,16664,,,16436,65427472,,,,,,,,,,,,,,,,,,,,,,,,,,,,,,,,,,,,,,,,,,,,,,,,,,,,,,,,,,,,,,,,,,,6,,2,,,,,,,,,,,,,,,,,,,,,,,,,,,,,,,,7e3fa86,,,,a5bb187,,,837b5f5,2be959a,,599f96a,,,
,9938b4a,baseline,2022-10-06T14:29:49,,,,11597,5059,4424,16664,,,19,96098,,,,,,,,,,,,,,,,,,,,,,,,,,,,,,,,,,,,,,,,,,,,,,,,,,,,,,,,,,,,,,,,,,,6,,6,20,,,,,,,,,,,,,,,,,,,,,,,,,,,,,,,7e3fa86,,,,a5bb187,,,837b5f5,2be959a,,2521656,,,
,ea5a832,baseline,2022-10-06T12:34:53,,,,11597,5059,4424,16664,,,,,,,,,,,,,,,,,,,,,,,,,,,,,,,,,,,,,,,,,,,,,,,,,,,,,,,,,,,,,,,,,,,,,,,6,,,,,,,,,,,,,,,,,,,,,,,,,,,,,,,,,,7e3fa86,,,,,,,837b5f5,2be959a,,,,,
,9bbf777,baseline,2022-10-06T10:31:00,,,,17,8,5,25,,,,,,,,,,,,,,,,,,,,,,,,,,,,,,,,,,,,,,,,,,,,,,,,,,,,,,,,,,,,,,,,,,,,,,,3,25,,,,,,,,,,,,,,,,,,,,,,,,,,,,,,,,,7e3fa86,,,,,,,837b5f5,ff1a9da,,,,,
,4d0c01d,baseline,2022-10-06T09:47:11,,,,17,8,5,25,,,,,,,,,,,,,,,,,,,,,,,,,,,,,,,,,,,,,,,,,,,,,,,,,,,,,,,,,,,,,,,,,,,,,,,3,25,,,,,,,,,,,,,,,,,,,,,,,,,,,,,,,,,7e3fa86,,,,,,,837b5f5,ff1a9da,,,,,
,9867980,baseline,2022-10-06T09:40:07,,,,17,8,5,25,,,,,,,,,,,,,,,,,,,,,,,,,,,,,,,,,,,,,,,,,,,,,,,,,,,,,,,,,,,,,,,,,,,,,,,3,25,,,,,,,,,,,,,,,,,,,,,,,,,,,,,,,,,7e3fa86,,,,,,,837b5f5,ff1a9da,,,,,
,4ce7191,baseline,2022-10-06T09:39:55,,,,17,8,5,25,,,,,,,,,,,,,,,,,,,,,,,,,,,,,,,,,,,,,,,,,,,,,,,,,,,,,,,,,,,,,,,,,,,,,,,3,25,,,,,,,,,,,,,,,,,,,,,,,,,,,,,,,,,7e3fa86,,,,,,,837b5f5,ff1a9da,,,,,
,858e743,baseline,2022-10-05T17:11:09,,,,17,8,5,25,,,,,,,,,,,,,,,,,,,,,,,,,,,,,,,,,,,,,,,,,,,,,,,,,,,,,,,,,,,,,,,,,,,,,,,3,25,,,,,,,,,,,,,,,,,,,,,,,,,,,,,,,,,7e3fa86,,,,,,,837b5f5,ff1a9da,,,,,
,34a9a95,baseline,2022-10-05T13:03:47,,,,17,8,5,25,,,,,,,,,,,,,,,,,,,,,,,,,,,,,,,,,,,,,,,,,,,,,,,,,,,,,,,,,,,,,,,,,,,,,,,3,25,,,,,,,,,,,,,,,,,,,,,,,,,,,,,,,,,7e3fa86,,,,,,,837b5f5,ff1a9da,,,,,
,6c67a37,baseline,2022-10-05T09:31:33,,,,17,8,5,25,,,,,,,,,,,,,,,,,,,,,,,,,,,,,,,,,,,,,,,,,,,,,,,,,,,,,,,,,,,,,,,,,,,,,,,3,25,,,,,,,,,,,,,,,,,,,,,,,,,,,,,,,,,7e3fa86,,,,,,,837b5f5,1e6cf98,,,,,
,91a5473,baseline,2022-10-04T19:08:23,,,,17,8,5,25,,,,,,,,,,,,,,,,,,,,,,,,,,,,,,,,,,,,,,,,,,,,,,,,,,,,,,,,,,,,,,,,,,,,,,,3,25,,,,,,,,,,,,,,,,,,,,,,,,,,,,,,,,,7e3fa86,,,,,,,837b5f5,1e6cf98,,,,,
,1d820be,baseline,2022-10-04T19:07:02,,,,17,8,5,25,,,,,,,,,,,,,,,,,,,,,,,,,,,,,,,,,,,,,,,,,,,,,,,,,,,,,,,,,,,,,,,,,,,,,,,3,25,,,,,,,,,,,,,,,,,,,,,,,,,,,,,,,,,7e3fa86,,,,,,,837b5f5,1e6cf98,,,,,
,84005e8,baseline,2022-10-04T18:47:30,,,,,,,,,,,,,,,,,,,,,,,,,,,,,,,,,,,,,,,,,,,,,,,,,,,,,,,,,,,,,,,,,,,,,,,,,,,,,,3,25,,,,,,,,,,,,,,,,,,,,,,,,,,,,,,,,,7e3fa86,,,,,,,837b5f5,8674e28,,,,,
,549e01b,baseline,2022-10-04T18:08:01,,,,16,7,5,20,,,,,,,,,,,,,,,,,,,,,,,,,,,,,,,,,,,,,,,,,,,,,,,,,,,,,,,,,,,,,,,,,,,,,,,3,20,,,,,,,,,,,,,,,,,,,,,,,,,,,,,,,,,7e3fa86,,,,,,,837b5f5,a2a1b8f,,,,,
,d29f044,baseline,2022-10-04T17:59:00,,,,!,!,!,!,,,,,,,,,,,,,,,,,,,,,,,,,,,,,,,,,,,,,,,,,,,,,,,,,,,,,,,,,,,,,,,,,,,,,,,3,20,,,,,,,,,,,,,,,,,,,,,,,,,,,,,,,,,7e3fa86,,,,,,,837b5f5,a2a1b8f,,,,,
,15a2418,baseline,2022-10-04T17:57:13,,,,!,!,!,!,,,,,,,,,,,,,,,,,,,,,,,,,,,,,,,,,,,,,,,,,,,,,,,,,,,,,,,,,,,,,,,,,,,,,,,,,,,,,,,,,,,,,,,,,,,,,,,,,,,,,,!,!,,7e3fa86,,,,,,,837b5f5,42adfd4,,,,,
,f6e8f47,baseline,2022-10-04T17:54:09,,,,!,!,!,!,,,,,,,,,,,,,,,,,,,,,,,,,,,,,,,,,,,,,,,,,,,,,,,,,,,,,,,,,,,,,,,,,,,,,,,,,,,,,,,,,,,,,,,,,,,,,,,,,,,,,,3,20,,7e3fa86,,,,,,,837b5f5,42adfd4,,,,,
,57a442e,baseline,2022-10-04T17:46:04,,,,,,,,,,,,,,,,,,,,,,,,,,,,,,,,,,,,,,,,,,,,,,,,,,,,,,,,,,,,,,,,,,,,,,,,,,,,,,,,,,,,,,,,,,,,,,,,,,,,,,,,,,,,,,,,,,,,,,,837b5f5,,,,,,
,7b0405e,baseline,2022-10-04T16:04:16,,,,,,,,,,,,,,,,,,,,,,,,,,,,,,,,,,,,,,,,,,,,,,,,,,,,,,,,,,,,,,,,,,,,,,,,,,,,,,,,,,,,,,,,,,,,,,,,,,,,,,,,,,,,,,,,,,,,,,,837b5f5,,,,,,
,8ccb431,baseline,2022-10-04T16:03:20,,,,,,,,,,,,,,,,,,,,,,,,,,,,,,,,,,,,,,,,,,,,,,,,,,,,,,,,,,,,,,,,,,,,,,,,,,,,,,,,,,,,,,,,,,,,,,,,,,,,,,,,,,,,,,,,,,,,,,,837b5f5,,,,,,
,56bed67,baseline,2022-10-04T09:38:43,,,,,,,,,,,,,,,,,,,,,,,,,,,,,,,,,,,,,,,,,,,,,,,,,,,,,,,,,,,,,,,,,,,,,,,,,,,,,,,,,,,,,,,,,,,,,,,,,,,,,,,,,,,,,,,,,,,,,,,837b5f5,,,,,,
,ed8693b,baseline,2022-10-04T09:20:07,,,,,,,,,,,,,,,,,,,,,,,,,,,,,,,,,,,,,,,,,,,,,,,,,,,,,,,,,,,,,,,,,,,,,,,,,,,,,,,,,,,,,,,,,,,,,,,,,,,,,,,,,,,,,,,,,,,,,,,837b5f5,,,,,,
,0b52524,baseline,2022-10-04T09:14:58,,,,,,,,,,,,,,,,,,,,,,,,,,,,,,,,,,,,,,,,,,,,,,,,,,,,,,,,,,,,,,,,,,,,,,,,,,,,,,,,,,,,,,,,,,,,,,,,,,,,,,,,,,,,,,,,,,,,,,,837b5f5,,,,,,
,f1c89fb,baseline,2022-10-04T09:13:41,,,,,,,,,,,,,,,,,,,,,,,,,,,,,,,,,,,,,,,,,,,,,,,,,,,,,,,,,,,,,,,,,,,,,,,,,,,,,,,,,,,,,,,,,,,,,,,,,,,,,,,,,,,,,,,,,,,,,,,837b5f5,,,,,,
,b89f36e,baseline,2022-10-03T17:52:18,,,,,,,,,,,,,,,,,,,,,,,,,,,,,,,,,,,,,,,,,,,,,,,,,,,,,,,,,,,,,,,,,,,,,,,,,,,,,,,,,,,,,,,,,,,,,,,,,,,,,,,,,,,,,,,,,,,,,,,,,,,,,
,a64bd59,baseline,2022-10-03T17:08:37,,,,,,,,,,,,,,,,,,,,,,,,,,,,,,,,,,,,,,,,,,,,,,,,,,,,,,,,,,,,,,,,,,,,,,,,,,,,,,,,,,,,,,,,,,,,,,,,,,,,,,,,,,,,,,,,,,,,,,,,,,,,,
,d604d96,baseline,2022-10-03T13:32:09,,,,,,,,,,,,,,,,,,,,,,,,,,,,,,,,,,,,,,,,,,,,,,,,,,,,,,,,,,,,,,,,,,,,,,,,,,,,,,,,,,,,,,,,,,,,,,,,,,,,,,,,,,,,,,,,,,,,,,,,,,,,,
,a448d8d,baseline,2022-10-03T09:31:32,,,,,,,,,,,,,,,,,,,,,,,,,,,,,,,,,,,,,,,,,,,,,,,,,,,,,,,,,,,,,,,,,,,,,,,,,,,,,,,,,,,,,,,,,,,,,,,,,,,,,,,,,,,,,,,,,,,,,,,,,,,,,
,c87f1b9,baseline,2022-09-30T17:58:23,,,,,,,,,,,,,,,,,,,,,,,,,,,,,,,,,,,,,,,,,,,,,,,,,,,,,,,,,,,,,,,,,,,,,,,,,,,,,,,,,,,,,,,,,,,,,,,,,,,,,,,,,,,,,,,,,,,,,,,,,,,,,
,5781f8e,baseline,2022-09-30T17:54:23,,,,,,,,,,,,,,,,,,,,,,,,,,,,,,,,,,,,,,,,,,,,,,,,,,,,,,,,,,,,,,,,,,,,,,,,,,,,,,,,,,,,,,,,,,,,,,,,,,,,,,,,,,,,,,,,,,,,,,,,,,,,,
,749d6fe,baseline,2022-09-30T11:12:02,,,,,,,,,,,,,,,,,,,,,,,,,,,,,,,,,,,,,,,,,,,,,,,,,,,,,,,,,,,,,,,,,,,,,,,,,,,,,,,,,,,,,,,,,,,,,,,,,,,,,,,,,,,,,,,,,,,,,,,,,,,,,
,f34f259,baseline,2022-09-30T11:07:41,,,,,,,,,,,,,,,,,,,,,,,,,,,,,,,,,,,,,,,,,,,,,,,,,,,,,,,,,,,,,,,,,,,,,,,,,,,,,,,,,,,,,,,,,,,,,,,,,,,,,,,,,,,,,,,,,,,,,,,,,,,,,
,8cdff79,baseline,2022-09-30T11:04:11,,,,,,,,,,,,,,,,,,,,,,,,,,,,,,,,,,,,,,,,,,,,,,,,,,,,,,,,,,,,,,,,,,,,,,,,,,,,,,,,,,,,,,,,,,,,,,,,,,,,,,,,,,,,,,,,,,,,,,,,,,,,,
,8dfc6fa,baseline,2022-09-30T11:03:30,,,,,,,,,,,,,,,,,,,,,,,,,,,,,,,,,,,,,,,,,,,,,,,,,,,,,,,,,,,,,,,,,,,,,,,,,,,,,,,,,,,,,,,,,,,,,,,,,,,,,,,,,,,,,,,,,,,,,,,,,,,,,
,ff367f8,baseline,2022-09-30T09:12:32,,,,,,,,,,,,,,,,,,,,,,,,,,,,,,,,,,,,,,,,,,,,,,,,,,,,,,,,,,,,,,,,,,,,,,,,,,,,,,,,,,,,,,,,,,,,,,,,,,,,,,,,,,,,,,,,,,,,,,,,,,,,,
,053aeec,baseline,2022-09-27T14:55:27,,,,,,,,,,,,,,,,,,,,,,,,,,,,,,,,,,,,,,,,,,,,,,,,,,,,,,,,,,,,,,,,,,,,,,,,,,,,,,,,,,,,,,,,,,,,,,,,,,,,,,,,,,,,,,,,,,,,,,,,,,,,,
,3ba0985,baseline,2022-09-27T14:51:58,,,,,,,,,,,,,,,,,,,,,,,,,,,,,,,,,,,,,,,,,,,,,,,,,,,,,,,,,,,,,,,,,,,,,,,,,,,,,,,,,,,,,,,,,,,,,,,,,,,,,,,,,,,,,,,,,,,,,,,,,,,,,
